seed,target,method,roc_auc,pr_auc,balanced_accuracy,brier,source_roc_auc,source_brier,delta_roc_auc,brier_improvement,negative_adaptation
0,hungary,source_only,0.8768065034122842,0.8300331788138513,0.8070052187876355,0.1368975937366485,0.8768065034122842,0.1368975937366485,0.0,0.0,False
0,hungary,pseudo_label_sfda,0.8737956643918107,0.826313629883161,0.8008329987956644,0.1377477681925506,0.8768065034122842,0.1368975937366485,-0.003010839020473499,-0.0008501744559021029,True
0,hungary,entropy_sfda,0.873042954636692,0.8252025392079543,0.7893416298675231,0.1374696842928043,0.8768065034122842,0.1368975937366485,-0.0037635487755921515,-0.0005720905561557854,True
0,hungary,reliability_gated_sfda,0.8765556001605781,0.82990243758241,0.8096647932557206,0.1370036387165923,0.8768065034122842,0.1368975937366485,-0.0002509032517060694,-0.00010604497994379236,True
0,switzerland,source_only,0.7663043478260869,0.9804455175343452,0.6413043478260869,0.1609197109937667,0.7663043478260869,0.1609197109937667,0.0,0.0,False
0,switzerland,pseudo_label_sfda,0.7663043478260869,0.9804951828669686,0.6456521739130434,0.1549252462916131,0.7663043478260869,0.1609197109937667,0.0,0.00599446470215359,False
0,switzerland,entropy_sfda,0.7652173913043478,0.9804298786195282,0.6456521739130434,0.151255891037106,0.7663043478260869,0.1609197109937667,-0.0010869565217390686,0.009663819956660713,True
0,switzerland,reliability_gated_sfda,0.7641304347826088,0.9802738588058276,0.6369565217391304,0.1645779435782872,0.7663043478260869,0.1609197109937667,-0.0021739130434781373,-0.003658232584520499,True
0,va_long_beach,source_only,0.7301618634030793,0.8805680057998935,0.6550203974207133,0.17828169465065,0.7301618634030793,0.17828169465065,0.0,0.0,False
0,va_long_beach,pseudo_label_sfda,0.7283195157257535,0.8798616887192439,0.6550203974207133,0.1780552337118135,0.7301618634030793,0.17828169465065,-0.0018423476773258285,0.00022646093883649243,True
0,va_long_beach,entropy_sfda,0.7287143045137519,0.8794438163601161,0.6550203974207133,0.1780619328626338,0.7301618634030793,0.17828169465065,-0.0014475588893274605,0.00021976178801619284,True
0,va_long_beach,reliability_gated_sfda,0.7296354783524148,0.8803153571257932,0.6550203974207133,0.1794813817815957,0.7301618634030793,0.17828169465065,-0.0005263850506644907,-0.0011996871309457036,True
1,hungary,source_only,0.8808209554395825,0.8422686142940073,0.8070052187876355,0.1328840255737304,0.8808209554395825,0.1328840255737304,0.0,0.0,False
1,hungary,pseudo_label_sfda,0.8796166198313932,0.8413975999753537,0.8055499799277399,0.1331609230007597,0.8808209554395825,0.1328840255737304,-0.001204335608189333,-0.000276897427029299,True
1,hungary,entropy_sfda,0.8768566840626255,0.837496164057536,0.8061521477318345,0.1332518250298193,0.8808209554395825,0.1328840255737304,-0.003964271376956985,-0.00036779945608889086,True
1,hungary,reliability_gated_sfda,0.8808209554395825,0.8423517496588527,0.8070052187876355,0.1330796136139922,0.8808209554395825,0.1328840255737304,0.0,-0.00019558804026179044,False
1,switzerland,source_only,0.75,0.9772985694051496,0.6369565217391304,0.1563877165317535,0.75,0.1563877165317535,0.0,0.0,False
1,switzerland,pseudo_label_sfda,0.75,0.9771054283023506,0.65,0.1509638743536526,0.75,0.1563877165317535,0.0,0.005423842178100907,False
1,switzerland,entropy_sfda,0.7521739130434782,0.9775914559514184,0.65,0.1422897639436348,0.75,0.1563877165317535,0.0021739130434782483,0.014097952588118717,False
1,switzerland,reliability_gated_sfda,0.75,0.9772985694051496,0.6326086956521739,0.1587823443074174,0.75,0.1563877165317535,0.0,-0.0023946277756638767,False
1,va_long_beach,source_only,0.7381892354257139,0.8897648051480783,0.6516646927227266,0.1753191351890564,0.7381892354257139,0.1753191351890564,0.0,0.0,False
1,va_long_beach,pseudo_label_sfda,0.7352941176470589,0.8883004922139415,0.6452164758520857,0.1753080979252165,0.7381892354257139,0.1753191351890564,-0.002895117778655032,1.1037263839885902e-05,True
1,va_long_beach,entropy_sfda,0.7352941176470589,0.8883228979135769,0.6452164758520857,0.1746911356868793,0.7381892354257139,0.1753191351890564,-0.002895117778655032,0.0006279995021770957,True
1,va_long_beach,reliability_gated_sfda,0.73832083168838,0.88987922017518,0.6516646927227266,0.1760444963927568,0.7381892354257139,0.1753191351890564,0.00013159626266612268,-0.0007253612037003976,False
2,hungary,source_only,0.878061019670815,0.8272314302506516,0.8016860698514653,0.1349492967128753,0.878061019670815,0.1349492967128753,0.0,0.0,False
2,hungary,pseudo_label_sfda,0.8773584905660378,0.8271185529065512,0.7967181854676837,0.1349193419525349,0.878061019670815,0.1349492967128753,-0.0007025291047771942,2.9954760340400455e-05,True
2,hungary,entropy_sfda,0.8764050582095544,0.8241138192846675,0.7852268165395424,0.1343748691232599,0.878061019670815,0.1349492967128753,-0.0016559614612605689,0.0005744275896154005,True
2,hungary,reliability_gated_sfda,0.8780610196708151,0.8267955135915095,0.8070052187876355,0.1349879722993766,0.878061019670815,0.1349492967128753,1.1102230246251565e-16,-3.867558650128e-05,False
2,switzerland,source_only,0.7565217391304347,0.9786950434292938,0.6326086956521739,0.1607487052679062,0.7565217391304347,0.1607487052679062,0.0,0.0,False
2,switzerland,pseudo_label_sfda,0.7521739130434782,0.9781875113639084,0.6369565217391304,0.1549198112354377,0.7565217391304347,0.1607487052679062,-0.004347826086956497,0.005828894032468501,True
2,switzerland,entropy_sfda,0.7521739130434784,0.9781526254397728,0.6456521739130434,0.1504411056157572,0.7565217391304347,0.1607487052679062,-0.004347826086956386,0.010307599652149002,True
2,switzerland,reliability_gated_sfda,0.7576086956521739,0.9788954484367846,0.6282608695652174,0.1640896089318943,0.7565217391304347,0.1607487052679062,0.0010869565217391797,-0.0033409036639881207,False
2,va_long_beach,source_only,0.7154230819844715,0.8792612797498622,0.6550203974207133,0.1784626394510269,0.7154230819844715,0.1784626394510269,0.0,0.0,False
2,va_long_beach,pseudo_label_sfda,0.7179234109751284,0.8797727088574729,0.6583761021186998,0.1781272663977059,0.7154230819844715,0.1784626394510269,0.002500328990656886,0.00033537305332098644,False
2,va_long_beach,entropy_sfda,0.7164758520858008,0.8788498364363619,0.6485721805500724,0.1776169641339967,0.7154230819844715,0.1784626394510269,0.0010527701013293145,0.0008456753170301978,False
2,va_long_beach,reliability_gated_sfda,0.7166074483484668,0.8799089474711554,0.6550203974207133,0.1795439888961628,0.7154230819844715,0.1784626394510269,0.0011843663639953261,-0.0010813494451359096,False
3,hungary,source_only,0.8733942191890808,0.829258584010152,0.7975712565234846,0.1382965743541717,0.8733942191890808,0.1382965743541717,0.0,0.0,False
3,hungary,pseudo_label_sfda,0.8704335608189481,0.8257632796938232,0.7934564431955038,0.1383097273117772,0.8733942191890808,0.1382965743541717,-0.002960658370132707,-1.3152957605511162e-05,True
3,hungary,entropy_sfda,0.8685768767563228,0.822047202701253,0.7878863910076275,0.1379067527826397,0.8733942191890808,0.1382965743541717,-0.004817342432757998,0.0003898215715320008,True
3,hungary,reliability_gated_sfda,0.8726415094339622,0.8286696115476688,0.7975712565234846,0.1384959113984298,0.8733942191890808,0.1382965743541717,-0.0007527097551185413,-0.00019933704425809107,True
3,switzerland,source_only,0.7576086956521739,0.9798755286601496,0.6326086956521739,0.1672725081443786,0.7576086956521739,0.1672725081443786,0.0,0.0,False
3,switzerland,pseudo_label_sfda,0.7565217391304347,0.9797961575561944,0.6369565217391304,0.1655828371940816,0.7576086956521739,0.1672725081443786,-0.0010869565217391797,0.001689670950297012,True
3,switzerland,entropy_sfda,0.7576086956521739,0.9799012783284936,0.6413043478260869,0.160603935238322,0.7576086956521739,0.1672725081443786,0.0,0.006668572906056602,False
3,switzerland,reliability_gated_sfda,0.758695652173913,0.979988044156106,0.6326086956521739,0.1701794676837177,0.7576086956521739,0.1672725081443786,0.0010869565217390686,-0.002906959539339088,False
3,va_long_beach,source_only,0.7260823792604291,0.881728901329025,0.6550203974207133,0.1792863309383392,0.7260823792604291,0.1792863309383392,0.0,0.0,False
3,va_long_beach,pseudo_label_sfda,0.727003553099092,0.8817858100313438,0.6550203974207133,0.1786551571089832,0.7260823792604291,0.1792863309383392,0.0009211738386629698,0.0006311738293560132,False
3,va_long_beach,entropy_sfda,0.7280563232004211,0.8822512209829414,0.6550203974207133,0.1785881840843614,0.7260823792604291,0.1792863309383392,0.001973943939992062,0.0006981468539778157,False
3,va_long_beach,reliability_gated_sfda,0.7264771680484273,0.8817993982157292,0.6550203974207133,0.180048488694768,0.7260823792604291,0.1792863309383392,0.000394788787998257,-0.000762157756428794,False
4,hungary,source_only,0.8840325170614212,0.8423375248997769,0.8102669610598154,0.1351528018712997,0.8840325170614212,0.1351528018712997,0.0,0.0,False
4,hungary,pseudo_label_sfda,0.8824267362505018,0.8397434482910425,0.8129265355279005,0.1372332554423041,0.8840325170614212,0.1351528018712997,-0.0016057808109193328,-0.0020804535710044203,True
4,hungary,entropy_sfda,0.8808711360899237,0.8372316612339565,0.7967181854676837,0.135245115620864,0.8840325170614212,0.1351528018712997,-0.0031613809714974295,-9.231374956431004e-05,True
4,hungary,reliability_gated_sfda,0.8837816138097149,0.8419768185113902,0.8102669610598154,0.1354651250373148,0.8840325170614212,0.1351528018712997,-0.00025090325170629146,-0.00031232316601512156,True
4,switzerland,source_only,0.7815217391304348,0.9818825739778152,0.6864130434782609,0.1572275310754776,0.7815217391304348,0.1572275310754776,0.0,0.0,False
4,switzerland,pseudo_label_sfda,0.7782608695652173,0.981590143132334,0.6369565217391304,0.1458694543510886,0.7815217391304348,0.1572275310754776,-0.003260869565217428,0.011358076724388988,True
4,switzerland,entropy_sfda,0.7793478260869565,0.9816942735786662,0.6369565217391304,0.1444746611512147,0.7815217391304348,0.1572275310754776,-0.0021739130434782483,0.012752869924262888,True
4,switzerland,reliability_gated_sfda,0.7782608695652175,0.9815129762793642,0.6864130434782609,0.1596236077961784,0.7815217391304348,0.1572275310754776,-0.003260869565217317,-0.0023960767207008016,True
4,va_long_beach,source_only,0.734504540071062,0.8830031965365452,0.6516646927227266,0.1792231053113937,0.734504540071062,0.1792231053113937,0.0,0.0,False
4,va_long_beach,pseudo_label_sfda,0.7343729438083959,0.8824500907869721,0.6516646927227266,0.1741934356727409,0.734504540071062,0.1792231053113937,-0.00013159626266612268,0.005029669638652812,True
4,va_long_beach,entropy_sfda,0.734504540071062,0.8821274095223465,0.6516646927227266,0.1767331503733243,0.734504540071062,0.1792231053113937,0.0,0.0024899549380694164,False
4,va_long_beach,reliability_gated_sfda,0.7342413475457298,0.883141054977482,0.6516646927227266,0.1803927865049267,0.734504540071062,0.1792231053113937,-0.00026319252533224535,-0.001169681193533001,True
5,hungary,source_only,0.8781112003211561,0.8380978577405813,0.7951625853071056,0.1403741240501403,0.8781112003211561,0.1403741240501403,0.0,0.0,False
5,hungary,pseudo_label_sfda,0.8766559614612605,0.8371547160989912,0.8043456443195505,0.1388373484090942,0.8781112003211561,0.1403741240501403,-0.0014552388598956245,0.0015367756410460953,True
5,hungary,entropy_sfda,0.8748494580489764,0.8347155428782068,0.8102669610598154,0.1367028744603556,0.8781112003211561,0.1403741240501403,-0.0032617422721796796,0.0036712495897847086,True
5,hungary,reliability_gated_sfda,0.8778101164191089,0.8378610707026583,0.7951625853071056,0.1403882894407757,0.8781112003211561,0.1403741240501403,-0.0003010839020471945,-1.416539063539557e-05,True
5,switzerland,source_only,0.7684782608695653,0.9802960382961952,0.65,0.1514216810464859,0.7684782608695653,0.1514216810464859,0.0,0.0,False
5,switzerland,pseudo_label_sfda,0.7673913043478261,0.9801874512310864,0.5875,0.1500582660591627,0.7684782608695653,0.1514216810464859,-0.0010869565217391797,0.0013634149873232027,True
5,switzerland,entropy_sfda,0.7684782608695653,0.9804819547405316,0.5875,0.1473849823712766,0.7684782608695653,0.1514216810464859,0.0,0.00403669867520931,False
5,switzerland,reliability_gated_sfda,0.767391304347826,0.9801579021548926,0.65,0.1536973168612483,0.7684782608695653,0.1514216810464859,-0.0010869565217392907,-0.0022756358147623945,True
5,va_long_beach,source_only,0.7273983418870904,0.8809225845494941,0.6583761021186998,0.1751755177974701,0.7273983418870904,0.1751755177974701,0.0,0.0,False
5,va_long_beach,pseudo_label_sfda,0.7281879194630873,0.8813798351371405,0.6485721805500724,0.1750618667065561,0.7273983418870904,0.1751755177974701,0.0007895775759968471,0.00011365109091399095,False
5,va_long_beach,entropy_sfda,0.7321358073430715,0.8820859832271054,0.6485721805500724,0.1748402345038714,0.7273983418870904,0.1751755177974701,0.0047374654559810825,0.0003352832935986927,False
5,va_long_beach,reliability_gated_sfda,0.7295038820897487,0.8819288521081183,0.6583761021186998,0.1756794502798792,0.7273983418870904,0.1751755177974701,0.002105540202658296,-0.0005039324824090974,False
6,hungary,source_only,0.8808209554395825,0.84624837488345,0.8076073865917303,0.1333549916744232,0.8808209554395825,0.1333549916744232,0.0,0.0,False
6,hungary,pseudo_label_sfda,0.879616619831393,0.84377784414651,0.8008329987956644,0.1316805377879523,0.8808209554395825,0.1333549916744232,-0.001204335608189444,0.001674453886470889,True
6,hungary,entropy_sfda,0.8797671617824168,0.8435227931524782,0.7987755921316739,0.1307036254534151,0.8808209554395825,0.1333549916744232,-0.0010537936571657358,0.002651366221008089,True
6,hungary,reliability_gated_sfda,0.8810718586912888,0.8463861468476548,0.8076073865917303,0.1331995930663898,0.8808209554395825,0.1333549916744232,0.00025090325170629146,0.00015539860803340244,False
6,switzerland,source_only,0.741304347826087,0.9766406396246192,0.6907608695652174,0.1631792485713958,0.741304347826087,0.1631792485713958,0.0,0.0,False
6,switzerland,pseudo_label_sfda,0.7402173913043478,0.9764735467004932,0.6951086956521739,0.1630798198338359,0.741304347826087,0.1631792485713958,-0.0010869565217391797,9.942873755988679e-05,True
6,switzerland,entropy_sfda,0.7391304347826086,0.976185267965012,0.7038043478260869,0.1575799121792913,0.741304347826087,0.1631792485713958,-0.0021739130434783593,0.005599336392104498,True
6,switzerland,reliability_gated_sfda,0.7434782608695653,0.9769460285323892,0.6907608695652174,0.1662149667030978,0.741304347826087,0.1631792485713958,0.0021739130434782483,-0.0030357181317020032,False
6,va_long_beach,source_only,0.7329253849190683,0.8844330635676488,0.6550203974207133,0.1790741384029388,0.7329253849190683,0.1790741384029388,0.0,0.0,False
6,va_long_beach,pseudo_label_sfda,0.7327937886564023,0.8843904112542176,0.6550203974207133,0.1787513729371975,0.7329253849190683,0.1790741384029388,-0.00013159626266601165,0.0003227654657412815,True
6,va_long_beach,entropy_sfda,0.7343729438083958,0.8844036459641496,0.6550203974207133,0.1793538789018147,0.7329253849190683,0.1790741384029388,0.0014475588893274605,-0.00027974049887591335,False
6,va_long_beach,reliability_gated_sfda,0.7327937886564021,0.8843752747114729,0.6550203974207133,0.1802315107274132,0.7329253849190683,0.1790741384029388,-0.0001315962626662337,-0.0011573723244744094,True
7,hungary,source_only,0.8768065034122843,0.8355029876416431,0.8016860698514653,0.1346259862184524,0.8768065034122843,0.1346259862184524,0.0,0.0,False
7,hungary,pseudo_label_sfda,0.8761541549578482,0.8342940287901299,0.7993777599357688,0.132621482417636,0.8768065034122843,0.1346259862184524,-0.0006523484544360691,0.002004503800816404,True
7,hungary,entropy_sfda,0.8753010839020473,0.8327577996037934,0.7884885588117222,0.13240622621193,0.8768065034122843,0.1346259862184524,-0.0015054195102369716,0.002219760006522409,True
7,hungary,reliability_gated_sfda,0.8764050582095544,0.8352706709136871,0.8016860698514653,0.1347353588642525,0.8768065034122843,0.1346259862184524,-0.0004014452027298887,-0.0001093726458001043,True
7,switzerland,source_only,0.7195652173913043,0.9719291696015162,0.6369565217391304,0.1697152107954025,0.7195652173913043,0.1697152107954025,0.0,0.0,False
7,switzerland,pseudo_label_sfda,0.717391304347826,0.9715977867298224,0.6413043478260869,0.1718039864555068,0.7195652173913043,0.1697152107954025,-0.0021739130434782483,-0.0020887756601042917,True
7,switzerland,entropy_sfda,0.7195652173913043,0.9725675287434258,0.6456521739130434,0.1635505490058206,0.7195652173913043,0.1697152107954025,0.0,0.006164661789581888,False
7,switzerland,reliability_gated_sfda,0.7184782608695652,0.9720074827874732,0.6369565217391304,0.1730268220094101,0.7195652173913043,0.1697152107954025,-0.0010869565217390686,-0.0033116112140076093,True
7,va_long_beach,source_only,0.7312146335044085,0.8873999065832696,0.6516646927227266,0.1824769079685211,0.7312146335044085,0.1824769079685211,0.0,0.0,False
7,va_long_beach,pseudo_label_sfda,0.7312146335044085,0.8874458070245227,0.6550203974207133,0.1828254013347513,0.7312146335044085,0.1824769079685211,0.0,-0.0003484933662302181,False
7,va_long_beach,entropy_sfda,0.7310830372417424,0.8865684402276433,0.6550203974207133,0.1823623208177206,0.7312146335044085,0.1824769079685211,-0.00013159626266612268,0.00011458715080048254,True
7,va_long_beach,reliability_gated_sfda,0.7310830372417424,0.8872438087091036,0.6516646927227266,0.183450921387644,0.7312146335044085,0.1824769079685211,-0.00013159626266612268,-0.0009740134191228988,True
8,hungary,source_only,0.875451625853071,0.8331041413551281,0.8016860698514653,0.1397059708833694,0.875451625853071,0.1397059708833694,0.0,0.0,False
8,hungary,pseudo_label_sfda,0.875,0.8328119404807995,0.7955138498594941,0.1396038902489868,0.875451625853071,0.1397059708833694,-0.00045162585307101377,0.00010208063438257864,True
8,hungary,entropy_sfda,0.874347651545564,0.8304007653753424,0.7987755921316739,0.1384853963817419,0.875451625853071,0.1397059708833694,-0.001103974307506972,0.0012205745016274916,True
8,hungary,reliability_gated_sfda,0.8755018065034124,0.8330151666150145,0.8016860698514653,0.1399541395352266,0.875451625853071,0.1397059708833694,5.018065034134711e-05,-0.00024816865185720016,False
8,switzerland,source_only,0.7597826086956522,0.9800655180821114,0.65,0.1533569693565368,0.7597826086956522,0.1533569693565368,0.0,0.0,False
8,switzerland,pseudo_label_sfda,0.7619565217391304,0.9803668578660948,0.65,0.1471578717373327,0.7597826086956522,0.1533569693565368,0.0021739130434782483,0.006199097619204119,False
8,switzerland,entropy_sfda,0.7619565217391304,0.980343796761512,0.5875,0.1436221180851054,0.7597826086956522,0.1533569693565368,0.0021739130434782483,0.009734851271431422,False
8,switzerland,reliability_gated_sfda,0.7597826086956522,0.9800929620758948,0.6456521739130434,0.1554768170358793,0.7597826086956522,0.1533569693565368,0.0,-0.002119847679342479,False
8,va_long_beach,source_only,0.7285827082510857,0.8809344165520648,0.6550203974207133,0.1763540208339691,0.7285827082510857,0.1763540208339691,0.0,0.0,False
8,va_long_beach,pseudo_label_sfda,0.727924726937755,0.8806386584594228,0.6550203974207133,0.1766065460956677,0.7285827082510857,0.1763540208339691,-0.0006579813133307244,-0.00025252526169861067,True
8,va_long_beach,entropy_sfda,0.7256875904724306,0.8788530993575285,0.6550203974207133,0.1779788412920699,0.7285827082510857,0.1763540208339691,-0.002895117778655143,-0.0016248204581008063,True
8,va_long_beach,reliability_gated_sfda,0.7285827082510857,0.8809976001582595,0.6550203974207133,0.1772655248282907,0.7285827082510857,0.1763540208339691,0.0,-0.0009115039943216052,False
9,hungary,source_only,0.884684865515857,0.8409397761423213,0.8149839421918909,0.1303787678480148,0.884684865515857,0.1303787678480148,0.0,0.0,False
9,hungary,pseudo_label_sfda,0.8840826977117623,0.8392392901188672,0.8040947410678443,0.1306574592816429,0.884684865515857,0.1303787678480148,-0.000602167804094722,-0.0002786914336281032,True
9,hungary,entropy_sfda,0.88358089120835,0.8376983390393219,0.8005820955439582,0.1301042315580469,0.884684865515857,0.1303787678480148,-0.001103974307506972,0.0002745362899679027,True
9,hungary,reliability_gated_sfda,0.8843837816138097,0.8407710277886786,0.8149839421918909,0.1305983167033216,0.884684865515857,0.1303787678480148,-0.0003010839020473055,-0.0002195488553067837,True
9,switzerland,source_only,0.7456521739130435,0.9769063534076968,0.6994565217391304,0.1642075330018997,0.7456521739130435,0.1642075330018997,0.0,0.0,False
9,switzerland,pseudo_label_sfda,0.7456521739130435,0.9768569091718102,0.6994565217391304,0.1583857734904027,0.7456521739130435,0.1642075330018997,0.0,0.005821759511496993,False
9,switzerland,entropy_sfda,0.7434782608695653,0.9767170861666528,0.7125,0.1478989454408657,0.7456521739130435,0.1642075330018997,-0.0021739130434782483,0.016308587561033983,True
9,switzerland,reliability_gated_sfda,0.7434782608695653,0.9766967798239368,0.6951086956521739,0.1674583219490023,0.7456521739130435,0.1642075330018997,-0.0021739130434782483,-0.0032507889471025952,True
9,va_long_beach,source_only,0.7402947756283722,0.8888956119572048,0.6516646927227266,0.1781714260578155,0.7402947756283722,0.1781714260578155,0.0,0.0,False
9,va_long_beach,pseudo_label_sfda,0.7393736017897092,0.8883836273172994,0.6516646927227266,0.1773069200881629,0.7402947756283722,0.1781714260578155,-0.0009211738386629698,0.0008645059696525959,True
9,va_long_beach,entropy_sfda,0.7416107382550337,0.8891233670400247,0.6550203974207133,0.1766153246895172,0.7402947756283722,0.1781714260578155,0.0013159626266614488,0.001556101368298285,False
9,va_long_beach,reliability_gated_sfda,0.7395051980523754,0.88861000429575,0.6516646927227266,0.1795150508638168,0.7402947756283722,0.1781714260578155,-0.0007895775759968471,-0.001343624806001309,True
0,hungary,conservative_candidate,0.8766057808109194,,,0.1364682411485304,0.8768065034122842,0.1368975937366485,-0.0002007226013647223,0.00042935258811810373,True
0,switzerland,conservative_candidate,0.7641304347826087,,,0.1593434727889459,0.7663043478260869,0.1609197109937667,-0.0021739130434782483,0.0015762382048208068,True
0,va_long_beach,conservative_candidate,0.7301618634030793,,,0.1779365351543117,0.7301618634030793,0.17828169465065,0.0,0.0003451594963382876,False
1,hungary,conservative_candidate,0.880469690887194,,,0.1327013055372511,0.8808209554395825,0.1328840255737304,-0.0003512645523885416,0.0001827200364793169,True
1,switzerland,conservative_candidate,0.7510869565217391,,,0.1552898531236032,0.75,0.1563877165317535,0.0010869565217390686,0.0010978634081503236,False
1,va_long_beach,conservative_candidate,0.7392420055270429,,,0.1750020467260385,0.7381892354257139,0.1753191351890564,0.0010527701013289814,0.00031708846301789495,False
2,hungary,conservative_candidate,0.8780610196708148,,,0.1346575715972633,0.878061019670815,0.1349492967128753,-1.1102230246251565e-16,0.00029172511561201264,False
2,switzerland,conservative_candidate,0.7543478260869566,,,0.1590686115856186,0.7565217391304347,0.1607487052679062,-0.0021739130434781373,0.0016800936822875812,True
2,va_long_beach,conservative_candidate,0.7150282931964732,,,0.1779773434831189,0.7154230819844715,0.1784626394510269,-0.000394788787998257,0.00048529596790800045,True
3,hungary,conservative_candidate,0.8730429546366921,,,0.1381618594162377,0.8733942191890808,0.1382965743541717,-0.0003512645523886526,0.00013471493793398848,True
3,switzerland,conservative_candidate,0.7576086956521739,,,0.1653449654100685,0.7576086956521739,0.1672725081443786,0.0,0.001927542734310117,False
3,va_long_beach,conservative_candidate,0.7262139755230952,,,0.1786977459887616,0.7260823792604291,0.1792863309383392,0.00013159626266612268,0.0005885849495776141,False
4,hungary,conservative_candidate,0.8840325170614212,,,0.1348778715629977,0.8840325170614212,0.1351528018712997,0.0,0.0002749303083020016,False
4,switzerland,conservative_candidate,0.7804347826086957,,,0.1546336102874348,0.7815217391304348,0.1572275310754776,-0.0010869565217390686,0.0025939207880427972,True
4,va_long_beach,conservative_candidate,0.7339781550203974,,,0.1785029973363828,0.734504540071062,0.1792231053113937,-0.0005263850506646017,0.000720107975010903,True
5,hungary,conservative_candidate,0.8782115616218386,,,0.1401271514399186,0.8781112003211561,0.1403741240501403,0.00010036130068247218,0.0002469726102216907,False
5,switzerland,conservative_candidate,0.7684782608695653,,,0.1496755121485247,0.7684782608695653,0.1514216810464859,0.0,0.0017461688979611978,False
5,va_long_beach,conservative_candidate,0.7285827082510856,,,0.1745581874285426,0.7273983418870904,0.1751755177974701,0.0011843663639952151,0.0006173303689274989,False
6,hungary,conservative_candidate,0.8807205941389001,,,0.13308373427237,0.8808209554395825,0.1333549916744232,-0.00010036130068236115,0.00027125740205319326,True
6,switzerland,conservative_candidate,0.7391304347826086,,,0.1620300526709382,0.741304347826087,0.1631792485713958,-0.0021739130434783593,0.0011491959004575891,True
6,va_long_beach,conservative_candidate,0.7337149624950651,,,0.1785278093644438,0.7329253849190683,0.1790741384029388,0.0007895775759967361,0.000546329038494997,False
7,hungary,conservative_candidate,0.8766559614612606,,,0.1343677423680306,0.8768065034122843,0.1346259862184524,-0.00015054195102370826,0.00025824385042180764,True
7,switzerland,conservative_candidate,0.7195652173913043,,,0.1680119719905774,0.7195652173913043,0.1697152107954025,0.0,0.0017032388048250913,False
7,va_long_beach,conservative_candidate,0.7306882484537439,,,0.1819881060717259,0.7312146335044085,0.1824769079685211,-0.0005263850506646017,0.0004888018967951768,True
8,hungary,conservative_candidate,0.8756523484544358,,,0.1395454248449699,0.875451625853071,0.1397059708833694,0.00020072260136483333,0.00016054603839948944,False
8,switzerland,conservative_candidate,0.7608695652173914,,,0.1509436511813137,0.7597826086956522,0.1533569693565368,0.0010869565217391797,0.0024133181752231114,False
8,va_long_beach,conservative_candidate,0.7285827082510856,,,0.1758061825104148,0.7285827082510857,0.1763540208339691,-1.1102230246251565e-16,0.0005478383235542894,False
9,hungary,conservative_candidate,0.8843336009634686,,,0.1302794574244586,0.884684865515857,0.1303787678480148,-0.0003512645523884306,9.931042355620923e-05,True
9,switzerland,conservative_candidate,0.7445652173913043,,,0.1612426323424215,0.7456521739130435,0.1642075330018997,-0.0010869565217391797,0.002964900659478187,True
9,va_long_beach,conservative_candidate,0.7397683905777076,,,0.1776119959013241,0.7402947756283722,0.1781714260578155,-0.0005263850506646017,0.0005594301564914028,True
