source,target,seed,method,accuracy,balanced_accuracy,precision,sensitivity,specificity,f1,mcc,roc_auc,pr_auc,brier,tn,fp,fn,tp
cleveland,hungary,0,dual_head_source_only,0.8129251700680272,0.8043456443195505,0.7256637168141593,0.7735849056603774,0.8351063829787234,0.7488584474885844,0.600828374657758,0.8777097551184263,0.8293147032423551,0.13957372307777405,157,31,24,82
cleveland,hungary,0,dlar_lcl,0.8129251700680272,0.8043456443195505,0.7256637168141593,0.7735849056603774,0.8351063829787234,0.7488584474885844,0.600828374657758,0.8772079486150142,0.8289128594337892,0.13958918922532482,157,31,24,82
cleveland,switzerland,0,dual_head_source_only,0.7723577235772358,0.6456521739130434,0.9578947368421052,0.7913043478260869,0.5,0.8666666666666667,0.1713168427447863,0.7880434782608695,0.9823289604156208,0.15647099912166595,4,4,24,91
cleveland,switzerland,0,dlar_lcl,0.7560975609756098,0.6369565217391304,0.956989247311828,0.7739130434782608,0.5,0.8557692307692307,0.157291236117359,0.7847826086956522,0.9821041143930258,0.15980998952758438,4,4,26,89
cleveland,va_long_beach,0,dual_head_source_only,0.76,0.6777207527306224,0.8344370860927153,0.8456375838926175,0.5098039215686274,0.84,0.36021338644606976,0.7218712988551124,0.8708744874512337,0.18398231267929077,26,25,23,126
cleveland,va_long_beach,0,dlar_lcl,0.745,0.6676536386366627,0.831081081081081,0.825503355704698,0.5098039215686274,0.8282828282828283,0.33318747853724395,0.722266087643111,0.8703260164091657,0.18528362645296192,26,25,26,123
cleveland,hungary,1,dual_head_source_only,0.8027210884353742,0.7943095142513048,0.7105263157894737,0.7641509433962265,0.824468085106383,0.7363636363636363,0.5800660883709318,0.8629566439181052,0.8271524861455541,0.1464332491159439,155,33,25,81
cleveland,hungary,1,dlar_lcl,0.8027210884353742,0.7943095142513048,0.7105263157894737,0.7641509433962265,0.824468085106383,0.7363636363636363,0.5800660883709318,0.8623042954636693,0.8273481044368405,0.14531617973618646,155,33,25,81
cleveland,switzerland,1,dual_head_source_only,0.7560975609756098,0.5788043478260869,0.9473684210526315,0.782608695652174,0.375,0.8571428571428571,0.09269008282833588,0.7347826086956522,0.9773429007036403,0.18268610537052155,3,5,25,90
cleveland,switzerland,1,dlar_lcl,0.7398373983739838,0.5701086956521739,0.946236559139785,0.7652173913043478,0.375,0.8461538461538461,0.08051813277436236,0.7326086956521739,0.9770777287769112,0.1860587012370839,3,5,27,88
cleveland,va_long_beach,1,dual_head_source_only,0.73,0.6253454401894987,0.8064516129032258,0.8389261744966443,0.4117647058823529,0.8223684210526315,0.26166440711906813,0.7205553362284511,0.8814405236765197,0.18230926990509033,21,30,24,125
cleveland,va_long_beach,1,dlar_lcl,0.735,0.6351493617581261,0.8116883116883117,0.8389261744966443,0.43137254901960786,0.8250825082508251,0.27995159148933474,0.7210817212791157,0.8815784231010186,0.18324603294643232,22,29,24,125
cleveland,hungary,2,dual_head_source_only,0.8061224489795918,0.7846246487354476,0.7425742574257426,0.7075471698113207,0.8617021276595744,0.7246376811594203,0.575565851468973,0.8608490566037736,0.8062005406854877,0.14083264768123627,162,26,31,75
cleveland,hungary,2,dlar_lcl,0.8129251700680272,0.7899437976716178,0.7575757575757576,0.7075471698113207,0.8723404255319149,0.7317073170731707,0.5891702008792219,0.8602468887996789,0.8053674397726344,0.1403794976217368,164,24,31,75
cleveland,switzerland,2,dual_head_source_only,0.7073170731707317,0.6108695652173913,0.9540229885057471,0.7217391304347827,0.5,0.8217821782178217,0.1201781120283334,0.7445652173913044,0.9787073658603191,0.1867591142654419,4,4,32,83
cleveland,switzerland,2,dlar_lcl,0.7073170731707317,0.6108695652173913,0.9540229885057471,0.7217391304347827,0.5,0.8217821782178217,0.1201781120283334,0.741304347826087,0.9783282885613238,0.1913289751083032,4,4,32,83
cleveland,va_long_beach,2,dual_head_source_only,0.735,0.6480457954994079,0.82,0.825503355704698,0.47058823529411764,0.822742474916388,0.2980393888392014,0.733451769969733,0.8862829941860186,0.17628586292266846,24,27,26,123
cleveland,va_long_beach,2,dlar_lcl,0.725,0.6477826029740755,0.821917808219178,0.8053691275167785,0.49019607843137253,0.8135593220338984,0.2901738165395314,0.7342413475457298,0.8864768839309249,0.17754678589571468,25,26,29,120
cleveland,hungary,3,dual_head_source_only,0.8129251700680272,0.7961160176635889,0.7428571428571429,0.7358490566037735,0.8563829787234043,0.7393364928909952,0.5934692227604459,0.8614512244078681,0.8168268676870702,0.14452995359897614,161,27,28,78
cleveland,hungary,3,dlar_lcl,0.8095238095238095,0.7913990365315134,0.7403846153846154,0.7264150943396226,0.8563829787234043,0.7333333333333333,0.5852703111149331,0.8609995985547972,0.8166242190760155,0.1441008143332065,161,27,29,77
cleveland,switzerland,3,dual_head_source_only,0.6991869918699187,0.6065217391304347,0.9534883720930233,0.7130434782608696,0.5,0.8159203980099502,0.11455447782900419,0.7467391304347826,0.9783776467554138,0.17069503664970398,4,4,33,82
cleveland,switzerland,3,dlar_lcl,0.7073170731707317,0.6690217391304347,0.9647058823529412,0.7130434782608696,0.625,0.82,0.18041191408209392,0.7456521739130435,0.978290008603605,0.17298365164521617,5,3,33,82
cleveland,va_long_beach,3,dual_head_source_only,0.68,0.6304776944334781,0.8195488721804511,0.7315436241610739,0.5294117647058824,0.7730496453900709,0.2409801498572069,0.7159494670351362,0.8801461234005016,0.1869799792766571,27,24,40,109
cleveland,va_long_beach,3,dlar_lcl,0.68,0.6304776944334781,0.8195488721804511,0.7315436241610739,0.5294117647058824,0.7730496453900709,0.2409801498572069,0.716739044611133,0.8806847070099992,0.1879748279751147,27,24,40,109
cleveland,hungary,4,dual_head_source_only,0.8163265306122449,0.7946607788036932,0.76,0.7169811320754716,0.8723404255319149,0.7378640776699029,0.5972873547561555,0.8675732637494983,0.8187375835304529,0.14437469840049744,164,24,30,76
cleveland,hungary,4,dlar_lcl,0.8163265306122449,0.7946607788036932,0.76,0.7169811320754716,0.8723404255319149,0.7378640776699029,0.5972873547561555,0.8674227217984745,0.8181241871714741,0.14417447228549352,164,24,30,76
cleveland,switzerland,4,dual_head_source_only,0.6910569105691057,0.6603260869565217,0.963855421686747,0.6956521739130435,0.625,0.8080808080808081,0.1687947988766704,0.75,0.9791919201770631,0.17512278258800507,5,3,35,80
cleveland,switzerland,4,dlar_lcl,0.6829268292682927,0.6559782608695652,0.9634146341463414,0.6869565217391305,0.625,0.8020304568527918,0.1631883414420549,0.7489130434782608,0.979049368502081,0.176564148885997,5,3,36,79
cleveland,va_long_beach,4,dual_head_source_only,0.74,0.6707461508093171,0.8344827586206897,0.8120805369127517,0.5294117647058824,0.8231292517006803,0.33334488390234673,0.7395051980523754,0.8877718165183021,0.17534561455249786,27,24,28,121
cleveland,va_long_beach,4,dlar_lcl,0.735,0.6738386629819713,0.8380281690140845,0.7986577181208053,0.5490196078431373,0.8178694158075601,0.33396151462219986,0.7397683905777076,0.887669288186775,0.1762870454788247,28,23,30,119
cleveland,hungary,5,dual_head_source_only,0.7993197278911565,0.7793054997992774,0.7281553398058253,0.7075471698113207,0.851063829787234,0.7177033492822966,0.562219681024836,0.8500100361300683,0.8057623364428399,0.16235186159610748,160,28,31,75
cleveland,hungary,5,dlar_lcl,0.7993197278911565,0.7793054997992774,0.7281553398058253,0.7075471698113207,0.851063829787234,0.7177033492822966,0.562219681024836,0.8496587715776797,0.8056441432749747,0.16095710977611666,160,28,31,75
cleveland,switzerland,5,dual_head_source_only,0.7073170731707317,0.6108695652173913,0.9540229885057471,0.7217391304347827,0.5,0.8217821782178217,0.1201781120283334,0.7282608695652174,0.9764891595240046,0.16865380108356476,4,4,32,83
cleveland,switzerland,5,dlar_lcl,0.7073170731707317,0.6108695652173913,0.9540229885057471,0.7217391304347827,0.5,0.8217821782178217,0.1201781120283334,0.7293478260869566,0.9766271127578583,0.16936390604683021,4,4,32,83
cleveland,va_long_beach,5,dual_head_source_only,0.73,0.6769311751546256,0.841726618705036,0.785234899328859,0.5686274509803921,0.8125,0.33499649439042123,0.7397683905777076,0.8849690202496626,0.17295877635478973,29,22,32,117
cleveland,va_long_beach,5,dlar_lcl,0.735,0.6867350967232531,0.8478260869565217,0.785234899328859,0.5882352941176471,0.8153310104529616,0.3519644345439879,0.7402947756283722,0.8851917847942707,0.17331276173329033,30,21,32,117
cleveland,hungary,6,dual_head_source_only,0.8061224489795918,0.7928542753914091,0.7247706422018348,0.7452830188679245,0.8404255319148937,0.7348837209302326,0.5822564503733227,0.8653653151344842,0.8289693505762374,0.1491972655057907,158,30,27,79
cleveland,hungary,6,dlar_lcl,0.8027210884353742,0.7901947009233239,0.7181818181818181,0.7452830188679245,0.8351063829787234,0.7314814814814815,0.5758986714094267,0.8652147731834605,0.8290650874695552,0.14823394754659364,157,31,27,79
cleveland,switzerland,6,dual_head_source_only,0.7073170731707317,0.5527173913043478,0.9438202247191011,0.7304347826086957,0.375,0.8235294117647058,0.05813576059502011,0.7434782608695653,0.9776329602351171,0.18563179671764374,3,5,31,84
cleveland,switzerland,6,dlar_lcl,0.7073170731707317,0.5527173913043478,0.9438202247191011,0.7304347826086957,0.375,0.8235294117647058,0.05813576059502011,0.7423913043478261,0.9772837447125458,0.18616945605116292,3,5,31,84
cleveland,va_long_beach,6,dual_head_source_only,0.725,0.6606790367153572,0.8309859154929577,0.7919463087248322,0.5294117647058824,0.8109965635738832,0.30868055212241186,0.7192393736017897,0.8798725887304322,0.1873934417963028,27,24,31,118
cleveland,va_long_beach,6,dlar_lcl,0.72,0.6637715488880116,0.8345323741007195,0.7785234899328859,0.5490196078431373,0.8055555555555556,0.31008042935580454,0.7192393736017898,0.8799373340604753,0.18808954125870828,28,23,33,116
cleveland,hungary,7,dual_head_source_only,0.8061224489795918,0.7907968687274187,0.7289719626168224,0.7358490566037735,0.8457446808510638,0.7323943661971831,0.5804153460814016,0.854124849458049,0.8196515943528918,0.1496557593345642,159,29,28,78
cleveland,hungary,7,dlar_lcl,0.8061224489795918,0.7887394620634283,0.7333333333333333,0.7264150943396226,0.851063829787234,0.7298578199052133,0.5786852919443494,0.8539743075070252,0.8193075293442159,0.14823810135669802,160,28,29,77
cleveland,switzerland,7,dual_head_source_only,0.7235772357723578,0.6195652173913043,0.9550561797752809,0.7391304347826086,0.5,0.8333333333333334,0.13185430238045798,0.7304347826086957,0.9765643038014534,0.18568629026412964,4,4,30,85
cleveland,switzerland,7,dlar_lcl,0.7154471544715447,0.6152173913043478,0.9545454545454546,0.7304347826086957,0.5,0.8275862068965517,0.12594084097826574,0.7282608695652174,0.9764294124116295,0.18874363004965153,4,4,31,84
cleveland,va_long_beach,7,dual_head_source_only,0.705,0.6408080010527701,0.8214285714285714,0.7718120805369127,0.5098039215686274,0.7958477508650519,0.2678526257251177,0.7206869324911174,0.8815825345759091,0.182706817984581,26,25,34,115
cleveland,va_long_beach,7,dlar_lcl,0.695,0.6405448085274379,0.8235294117647058,0.7516778523489933,0.5294117647058824,0.7859649122807018,0.26264164202677037,0.7197657586524543,0.8812832675540907,0.18384250588828452,27,24,37,112
cleveland,hungary,8,dual_head_source_only,0.7925170068027211,0.7801585708550782,0.7027027027027027,0.7358490566037735,0.824468085106383,0.7188940092165899,0.5549817882835634,0.8593938177438779,0.8195227373488584,0.1461976021528244,155,33,28,78
cleveland,hungary,8,dlar_lcl,0.7959183673469388,0.7828181453231633,0.7090909090909091,0.7358490566037735,0.8297872340425532,0.7222222222222222,0.5612597115793756,0.8591429144921717,0.8194376877802104,0.1457984741637839,156,32,28,78
cleveland,switzerland,8,dual_head_source_only,0.7642276422764228,0.6413043478260869,0.9574468085106383,0.782608695652174,0.5,0.861244019138756,0.16417858509099698,0.7521739130434784,0.9786656227497915,0.15886493027210236,4,4,25,90
cleveland,switzerland,8,dlar_lcl,0.7642276422764228,0.6413043478260869,0.9574468085106383,0.782608695652174,0.5,0.861244019138756,0.16417858509099698,0.7510869565217391,0.9785493816499837,0.16079245689431898,4,4,25,90
cleveland,va_long_beach,8,dual_head_source_only,0.755,0.6550203974207133,0.8205128205128205,0.8590604026845637,0.45098039215686275,0.839344262295082,0.3262183798157361,0.7252928016844322,0.8785010371748865,0.17730452120304108,23,28,21,128
cleveland,va_long_beach,8,dlar_lcl,0.75,0.6516646927227266,0.8193548387096774,0.8523489932885906,0.45098039215686275,0.8355263157894737,0.3166070647818646,0.7255559942097644,0.8785629879947231,0.1781633884790524,23,28,22,127
cleveland,hungary,9,dual_head_source_only,0.7993197278911565,0.7834203131272581,0.719626168224299,0.7264150943396226,0.8404255319148937,0.7230046948356808,0.5656921267761443,0.8651144118827779,0.8255486954048843,0.14351558685302734,158,30,29,77
cleveland,hungary,9,dlar_lcl,0.7993197278911565,0.7834203131272581,0.719626168224299,0.7264150943396226,0.8404255319148937,0.7230046948356808,0.5656921267761443,0.8642111601766359,0.8247247225258769,0.14322379824267653,158,30,29,77
cleveland,switzerland,9,dual_head_source_only,0.7317073170731707,0.6820652173913043,0.9659090909090909,0.7391304347826086,0.625,0.8374384236453202,0.19901029116848595,0.75,0.9787596983997977,0.166548952460289,5,3,30,85
cleveland,switzerland,9,dlar_lcl,0.7317073170731707,0.6820652173913043,0.9659090909090909,0.7391304347826086,0.625,0.8374384236453202,0.19901029116848595,0.7478260869565218,0.9784881959971934,0.16757503631830076,5,3,30,85
cleveland,va_long_beach,9,dual_head_source_only,0.76,0.6712725358599816,0.8300653594771242,0.8523489932885906,0.49019607843137253,0.8410596026490066,0.35212860116347333,0.7401631793657059,0.8838886778423672,0.17425251007080078,25,26,22,127
cleveland,va_long_beach,9,dlar_lcl,0.765,0.681076457428609,0.8355263157894737,0.8523489932885906,0.5098039215686274,0.8438538205980066,0.3695964529864684,0.7400315831030398,0.8838698927937024,0.17502552760048723,26,25,22,127
hungary,cleveland,0,dual_head_source_only,0.8052805280528053,0.794898227759256,0.8773584905660378,0.6690647482014388,0.9207317073170732,0.7591836734693878,0.616233688340738,0.8712493419898227,0.8643130877964724,0.15006880462169647,151,13,46,93
hungary,cleveland,0,dlar_lcl,0.8052805280528053,0.794898227759256,0.8773584905660378,0.6690647482014388,0.9207317073170732,0.7591836734693878,0.616233688340738,0.8709422705737848,0.8639674384854229,0.1496510439092477,151,13,46,93
hungary,switzerland,0,dual_head_source_only,0.5853658536585366,0.6619565217391304,0.9705882352941176,0.5739130434782609,0.75,0.7213114754098361,0.16065215267620223,0.7434782608695653,0.972975926103343,0.24816147983074188,6,2,49,66
hungary,switzerland,0,dlar_lcl,0.5772357723577236,0.6576086956521738,0.9701492537313433,0.5652173913043478,0.75,0.7142857142857143,0.15608913337632405,0.7456521739130435,0.9736582003508347,0.25236647055052164,6,2,50,65
hungary,va_long_beach,0,dual_head_source_only,0.665,0.6784445321752862,0.8660714285714286,0.6510067114093959,0.7058823529411765,0.7432950191570882,0.31337266829260646,0.739242005527043,0.8881526296672928,0.22016166150569916,36,15,52,97
hungary,va_long_beach,0,dlar_lcl,0.655,0.6717331227793131,0.8636363636363636,0.6375838926174496,0.7058823529411765,0.7335907335907336,0.30091558951126235,0.7398999868403737,0.8882553530452382,0.22311374088411043,36,15,54,95
hungary,cleveland,1,dual_head_source_only,0.768976897689769,0.7564265660642218,0.8484848484848485,0.60431654676259,0.9085365853658537,0.7058823529411765,0.5448659333355749,0.8624320056150201,0.847182602007422,0.15855282545089722,149,15,55,84
hungary,cleveland,1,dlar_lcl,0.7656765676567657,0.7528294437620635,0.8469387755102041,0.5971223021582733,0.9085365853658537,0.70042194092827,0.5386380145573301,0.8622565362344271,0.8472268649856785,0.15860248311813432,149,15,56,83
hungary,switzerland,1,dual_head_source_only,0.5691056910569106,0.6532608695652173,0.9696969696969697,0.5565217391304348,0.75,0.7071823204419889,0.15158135991885408,0.7380434782608696,0.9757360132719219,0.27018970251083374,6,2,51,64
hungary,switzerland,1,dlar_lcl,0.5609756097560976,0.6489130434782608,0.9692307692307692,0.5478260869565217,0.75,0.7,0.1471248300041043,0.7402173913043478,0.9761763700166265,0.2747939473697303,6,2,52,63
hungary,va_long_beach,1,dual_head_source_only,0.66,0.6815370443479405,0.8715596330275229,0.6375838926174496,0.7254901960784313,0.7364341085271318,0.31778949224031666,0.726082379260429,0.882735001120097,0.2299567461013794,37,14,54,95
hungary,va_long_beach,1,dlar_lcl,0.66,0.6815370443479405,0.8715596330275229,0.6375838926174496,0.7254901960784313,0.7364341085271318,0.31778949224031666,0.7266087643110937,0.8831931674702702,0.2325924038857151,37,14,54,95
hungary,cleveland,2,dual_head_source_only,0.7755775577557755,0.7619757852254782,0.8736842105263158,0.5971223021582733,0.926829268292683,0.7094017094017094,0.562764897476101,0.8703281277417091,0.8663481581598853,0.1550050526857376,152,12,56,83
hungary,cleveland,2,dlar_lcl,0.7755775577557755,0.7619757852254782,0.8736842105263158,0.5971223021582733,0.926829268292683,0.7094017094017094,0.562764897476101,0.8703719950868573,0.8660551617509565,0.15467894779222952,152,12,56,83
hungary,switzerland,2,dual_head_source_only,0.5447154471544715,0.6402173913043478,0.9682539682539683,0.5304347826086957,0.75,0.6853932584269663,0.13835023219887418,0.7391304347826086,0.9753986053051787,0.28083765506744385,6,2,54,61
hungary,switzerland,2,dlar_lcl,0.5447154471544715,0.6402173913043478,0.9682539682539683,0.5304347826086957,0.75,0.6853932584269663,0.13835023219887418,0.7391304347826086,0.9756660070029097,0.2857221518249873,6,2,54,61
hungary,va_long_beach,2,dual_head_source_only,0.645,0.6779181471246216,0.875,0.610738255033557,0.7450980392156863,0.7193675889328063,0.3104389306973328,0.7396367943150415,0.88817655833182,0.22963012754917145,38,13,58,91
hungary,va_long_beach,2,dlar_lcl,0.64,0.681010659297276,0.8811881188118812,0.5973154362416108,0.7647058823529411,0.712,0.3155978848912901,0.7393736017897091,0.8881881950429281,0.23256476202554435,39,12,60,89
hungary,cleveland,3,dual_head_source_only,0.801980198019802,0.792946130900158,0.8558558558558559,0.6834532374100719,0.9024390243902439,0.76,0.6059474783344345,0.8666432707492544,0.8572101484201116,0.14996333420276642,148,16,44,95
hungary,cleveland,3,dlar_lcl,0.8085808580858086,0.8001403755044745,0.8584070796460177,0.697841726618705,0.9024390243902439,0.7698412698412699,0.6185398990724811,0.8663800666783648,0.8580594189810099,0.14931123916633238,148,16,42,97
hungary,switzerland,3,dual_head_source_only,0.5772357723577236,0.6576086956521738,0.9701492537313433,0.5652173913043478,0.75,0.7142857142857143,0.15608913337632405,0.7293478260869566,0.9715138717577241,0.24968399107456207,6,2,50,65
hungary,switzerland,3,dlar_lcl,0.5853658536585366,0.6619565217391304,0.9705882352941176,0.5739130434782609,0.75,0.7213114754098361,0.16065215267620223,0.7239130434782608,0.9709710464034366,0.24901264336367734,6,2,49,66
hungary,va_long_beach,3,dual_head_source_only,0.65,0.6683774180813264,0.8623853211009175,0.6308724832214765,0.7058823529411765,0.7286821705426356,0.2947529215813593,0.7284511119884194,0.8862944508477294,0.22069284319877625,36,15,55,94
hungary,va_long_beach,3,dlar_lcl,0.65,0.6683774180813264,0.8623853211009175,0.6308724832214765,0.7058823529411765,0.7286821705426356,0.2947529215813593,0.7289774970390841,0.8861981641879817,0.22149731628752023,36,15,55,94
hungary,cleveland,4,dual_head_source_only,0.7887788778877888,0.7780092998771715,0.8571428571428571,0.6474820143884892,0.9085365853658537,0.7377049180327869,0.5822257368517296,0.8614669240217583,0.8629657757683942,0.15352730453014374,149,15,49,90
hungary,cleveland,4,dlar_lcl,0.7887788778877888,0.7785576416915249,0.8504672897196262,0.6546762589928058,0.9024390243902439,0.7398373983739838,0.5808372656688111,0.8615546587120547,0.8633757792874693,0.1528059736588589,148,16,48,91
hungary,switzerland,4,dual_head_source_only,0.5528455284552846,0.7027173913043478,0.9838709677419355,0.5304347826086957,0.875,0.6892655367231638,0.19996507753873502,0.7793478260869565,0.9789860492855701,0.2577563524246216,7,1,54,61
hungary,switzerland,4,dlar_lcl,0.5528455284552846,0.7027173913043478,0.9838709677419355,0.5304347826086957,0.875,0.6892655367231638,0.19996507753873502,0.7782608695652173,0.979058401739495,0.2568012470057645,7,1,54,61
hungary,va_long_beach,4,dual_head_source_only,0.64,0.6874588761679168,0.8888888888888888,0.5906040268456376,0.7843137254901961,0.7096774193548387,0.32684055763550907,0.7333201737070667,0.8834286916449984,0.22100162506103516,40,11,61,88
hungary,va_long_beach,4,dlar_lcl,0.635,0.6841031714699303,0.8877551020408163,0.5838926174496645,0.7843137254901961,0.7044534412955465,0.3210379430829517,0.7339781550203974,0.8838112095130052,0.22349559517475867,40,11,62,87
hungary,cleveland,5,dual_head_source_only,0.801980198019802,0.792946130900158,0.8558558558558559,0.6834532374100719,0.9024390243902439,0.76,0.6059474783344345,0.8505000877346902,0.8503858447055704,0.16155757009983063,148,16,44,95
hungary,cleveland,5,dlar_lcl,0.7986798679867987,0.789897350412353,0.8482142857142857,0.6834532374100719,0.8963414634146342,0.7569721115537849,0.5985189024807679,0.8505878224249869,0.8501186075874961,0.160715769886865,147,17,44,95
hungary,switzerland,5,dual_head_source_only,0.5853658536585366,0.6619565217391304,0.9705882352941176,0.5739130434782609,0.75,0.7213114754098361,0.16065215267620223,0.7434782608695653,0.9765810873458984,0.23669478297233582,6,2,49,66
hungary,switzerland,5,dlar_lcl,0.5853658536585366,0.6619565217391304,0.9705882352941176,0.5739130434782609,0.75,0.7213114754098361,0.16065215267620223,0.7434782608695653,0.9765810873458984,0.23815562860503547,6,2,49,66
hungary,va_long_beach,5,dual_head_source_only,0.675,0.6980523753125412,0.8818181818181818,0.6510067114093959,0.7450980392156863,0.749034749034749,0.3470329212371263,0.7434530859323595,0.8860306522656628,0.20357821881771088,38,13,52,97
hungary,va_long_beach,5,dlar_lcl,0.675,0.6980523753125412,0.8818181818181818,0.6510067114093959,0.7450980392156863,0.749034749034749,0.3470329212371263,0.7437162784576918,0.8861608054344328,0.20483275737720355,38,13,52,97
hungary,cleveland,6,dual_head_source_only,0.7557755775577558,0.7381996841551148,0.9012345679012346,0.5251798561151079,0.9512195121951219,0.6636363636363637,0.5363910273435976,0.8670380768555888,0.8615771390911934,0.16997841000556946,156,8,66,73
hungary,cleveland,6,dlar_lcl,0.7557755775577558,0.7381996841551148,0.9012345679012346,0.5251798561151079,0.9512195121951219,0.6636363636363637,0.5363910273435976,0.8670380768555888,0.8603073962223178,0.168869141222758,156,8,66,73
hungary,switzerland,6,dual_head_source_only,0.5203252032520326,0.6853260869565218,0.9827586206896551,0.4956521739130435,0.875,0.6589595375722543,0.18310060960364807,0.7554347826086956,0.9786464649530635,0.29398396611213684,7,1,58,57
hungary,switzerland,6,dlar_lcl,0.5203252032520326,0.6853260869565218,0.9827586206896551,0.4956521739130435,0.875,0.6589595375722543,0.18310060960364807,0.7565217391304347,0.9788355008698877,0.29468847724756947,7,1,58,57
hungary,va_long_beach,6,dual_head_source_only,0.605,0.6639689432820108,0.8804347826086957,0.5436241610738255,0.7843137254901961,0.6721991701244814,0.2867900134372203,0.7223976839057771,0.8800852681994952,0.24978679418563843,40,11,68,81
hungary,va_long_beach,6,dlar_lcl,0.6,0.6541650217133833,0.8709677419354839,0.5436241610738255,0.7647058823529411,0.6694214876033058,0.2694391521527339,0.7227924726937756,0.8800046481521758,0.25021897876218147,39,12,68,81
hungary,cleveland,7,dual_head_source_only,0.7920792079207921,0.7810580803649763,0.8653846153846154,0.6474820143884892,0.9146341463414634,0.7407407407407407,0.5899459005843126,0.8598438322512721,0.8516471254801533,0.156935915350914,150,14,49,90
hungary,cleveland,7,dlar_lcl,0.7854785478547854,0.7738638357606598,0.8627450980392157,0.6330935251798561,0.9146341463414634,0.7302904564315352,0.5775583830373854,0.8595806281803825,0.8514716878544635,0.15664360106939929,150,14,51,88
hungary,switzerland,7,dual_head_source_only,0.5284552845528455,0.6315217391304349,0.9672131147540983,0.5130434782608696,0.75,0.6704545454545454,0.12973605566856267,0.708695652173913,0.9714457738346449,0.2716257870197296,6,2,56,59
hungary,switzerland,7,dlar_lcl,0.5284552845528455,0.6315217391304349,0.9672131147540983,0.5130434782608696,0.75,0.6704545454545454,0.12973605566856267,0.7119565217391305,0.9724158621111293,0.2751478789787195,6,2,56,59
hungary,va_long_beach,7,dual_head_source_only,0.64,0.6745624424266351,0.8737864077669902,0.6040268456375839,0.7450980392156863,0.7142857142857143,0.3044770395159637,0.7322674036057376,0.8855689257907566,0.2229819893836975,38,13,59,90
hungary,va_long_beach,7,dlar_lcl,0.645,0.6843663639952625,0.8823529411764706,0.6040268456375839,0.7647058823529411,0.7171314741035857,0.3214968965398251,0.7321358073430715,0.8854705429928695,0.22573433649365568,39,12,59,90
hungary,cleveland,8,dual_head_source_only,0.7920792079207921,0.780509738550623,0.8725490196078431,0.6402877697841727,0.9207317073170732,0.7385892116182573,0.5915740958405511,0.8701526583611159,0.8602739881487266,0.15113936364650726,151,13,50,89
hungary,cleveland,8,dlar_lcl,0.7920792079207921,0.780509738550623,0.8725490196078431,0.6402877697841727,0.9207317073170732,0.7385892116182573,0.5915740958405511,0.8700649236708193,0.8605149953006055,0.150865507488797,151,13,50,89
hungary,switzerland,8,dual_head_source_only,0.6178861788617886,0.621195652173913,0.9594594594594594,0.6173913043478261,0.625,0.7513227513227513,0.12209476674090974,0.7380434782608696,0.9749845278614311,0.23285527527332306,5,3,44,71
hungary,switzerland,8,dlar_lcl,0.6178861788617886,0.621195652173913,0.9594594594594594,0.6173913043478261,0.625,0.7513227513227513,0.12209476674090974,0.7380434782608696,0.9751171653913289,0.23502926010766712,5,3,44,71
hungary,va_long_beach,8,dual_head_source_only,0.655,0.6588366890380313,0.8508771929824561,0.6510067114093959,0.6666666666666666,0.7376425855513308,0.2796774119968835,0.7347677325963943,0.8795408770129974,0.21574938297271729,34,17,52,97
hungary,va_long_beach,8,dlar_lcl,0.655,0.6588366890380313,0.8508771929824561,0.6510067114093959,0.6666666666666666,0.7376425855513308,0.2796774119968835,0.7341097512830635,0.8789278145655004,0.2189861021185057,34,17,52,97
hungary,cleveland,9,dual_head_source_only,0.7920792079207921,0.7837997894367432,0.8333333333333334,0.6834532374100719,0.8841463414634146,0.7509881422924901,0.5838322229558687,0.8737497806632742,0.8623740809133114,0.1495445817708969,145,19,44,95
hungary,cleveland,9,dlar_lcl,0.7986798679867987,0.7909940340410598,0.8362068965517241,0.697841726618705,0.8841463414634146,0.7607843137254902,0.5966142292947516,0.8736620459729776,0.86257521678311,0.14844911558023344,145,19,42,97
hungary,switzerland,9,dual_head_source_only,0.5934959349593496,0.6081521739130435,0.9577464788732394,0.591304347826087,0.625,0.7311827956989247,0.1079762689325662,0.7271739130434783,0.9724019186757826,0.24797849357128143,5,3,47,68
hungary,switzerland,9,dlar_lcl,0.5934959349593496,0.6081521739130435,0.9577464788732394,0.591304347826087,0.625,0.7311827956989247,0.1079762689325662,0.7260869565217392,0.9722572541659323,0.24795023185572618,5,3,47,68
hungary,va_long_beach,9,dual_head_source_only,0.66,0.6944334780892223,0.8857142857142857,0.6241610738255033,0.7647058823529411,0.7322834645669292,0.3394085753236628,0.7480589551256743,0.888830597817996,0.2128838747739792,39,12,56,93
hungary,va_long_beach,9,dlar_lcl,0.66,0.6944334780892223,0.8857142857142857,0.6241610738255033,0.7647058823529411,0.7322834645669292,0.3394085753236628,0.7484537439136728,0.889063319848841,0.2149646606716542,39,12,56,93
switzerland,cleveland,0,dual_head_source_only,0.45874587458745875,0.5,0.45874587458745875,1.0,0.0,0.6289592760180995,0.0,0.35743112826811724,0.3778984066929927,0.28525617718696594,0,164,0,139
switzerland,cleveland,0,dlar_lcl,0.45874587458745875,0.5,0.45874587458745875,1.0,0.0,0.6289592760180995,0.0,0.34532374100719426,0.3721593887327589,0.28588438578212033,0,164,0,139
switzerland,hungary,0,dual_head_source_only,0.36054421768707484,0.5,0.36054421768707484,1.0,0.0,0.53,0.0,0.46718185467683665,0.3486071931241167,0.3046494424343109,0,188,0,106
switzerland,hungary,0,dlar_lcl,0.36054421768707484,0.5,0.36054421768707484,1.0,0.0,0.53,0.0,0.45368325973504614,0.34281068315951996,0.3054864522477776,0,188,0,106
switzerland,va_long_beach,0,dual_head_source_only,0.745,0.5,0.745,1.0,0.0,0.8538681948424068,0.0,0.4919726279773654,0.7305616038475807,0.205226331949234,0,51,0,149
switzerland,va_long_beach,0,dlar_lcl,0.745,0.5,0.745,1.0,0.0,0.8538681948424068,0.0,0.49131464666403474,0.729460338524144,0.2050991412189797,0,51,0,149
switzerland,cleveland,1,dual_head_source_only,0.45874587458745875,0.5,0.45874587458745875,1.0,0.0,0.6289592760180995,0.0,0.5933935778206703,0.5861724065777012,0.26456424593925476,0,164,0,139
switzerland,cleveland,1,dlar_lcl,0.45874587458745875,0.5,0.45874587458745875,1.0,0.0,0.6289592760180995,0.0,0.5909370064923671,0.5822239868094801,0.26487430828547665,0,164,0,139
switzerland,hungary,1,dual_head_source_only,0.36054421768707484,0.5,0.36054421768707484,1.0,0.0,0.53,0.0,0.6754817342432757,0.5855765733178304,0.28014668822288513,0,188,0,106
switzerland,hungary,1,dlar_lcl,0.36054421768707484,0.5,0.36054421768707484,1.0,0.0,0.53,0.0,0.6711661983139301,0.5799236989027958,0.28074095654425135,0,188,0,106
switzerland,va_long_beach,1,dual_head_source_only,0.745,0.5,0.745,1.0,0.0,0.8538681948424068,0.0,0.6264640084221609,0.8433112445937068,0.21113775670528412,0,51,0,149
switzerland,va_long_beach,1,dlar_lcl,0.745,0.5,0.745,1.0,0.0,0.8538681948424068,0.0,0.6251480457954994,0.84228435152712,0.21066596588516417,0,51,0,149
switzerland,cleveland,2,dual_head_source_only,0.45874587458745875,0.5,0.45874587458745875,1.0,0.0,0.6289592760180995,0.0,0.6028250570275486,0.5582023627818596,0.29596325755119324,0,164,0,139
switzerland,cleveland,2,dlar_lcl,0.45874587458745875,0.5,0.45874587458745875,1.0,0.0,0.6289592760180995,0.0,0.6061151079136691,0.562675052105191,0.2954889558656678,0,164,0,139
switzerland,hungary,2,dual_head_source_only,0.36054421768707484,0.5,0.36054421768707484,1.0,0.0,0.53,0.0,0.6115264953833802,0.4626211436361359,0.32651400566101074,0,188,0,106
switzerland,hungary,2,dlar_lcl,0.36054421768707484,0.5,0.36054421768707484,1.0,0.0,0.53,0.0,0.6103472501003613,0.4619444410751256,0.32635810045396707,0,188,0,106
switzerland,va_long_beach,2,dual_head_source_only,0.745,0.5,0.745,1.0,0.0,0.8538681948424068,0.0,0.5921173838662982,0.8118108241533207,0.19011853635311127,0,51,0,149
switzerland,va_long_beach,2,dlar_lcl,0.745,0.5,0.745,1.0,0.0,0.8538681948424068,0.0,0.5906698249769706,0.810653102902676,0.19013588668995965,0,51,0,149
switzerland,cleveland,3,dual_head_source_only,0.45874587458745875,0.5,0.45874587458745875,1.0,0.0,0.6289592760180995,0.0,0.6790226355500966,0.6639281209513564,0.3105798661708832,0,164,0,139
switzerland,cleveland,3,dlar_lcl,0.45874587458745875,0.5,0.45874587458745875,1.0,0.0,0.6289592760180995,0.0,0.6826197578522547,0.6677619570024094,0.30938075244137025,0,164,0,139
switzerland,hungary,3,dual_head_source_only,0.36054421768707484,0.5,0.36054421768707484,1.0,0.0,0.53,0.0,0.7699217181854677,0.6159678513660845,0.33606427907943726,0,188,0,106
switzerland,hungary,3,dlar_lcl,0.36054421768707484,0.5,0.36054421768707484,1.0,0.0,0.53,0.0,0.7727318346045765,0.6200175202721512,0.336331159456194,0,188,0,106
switzerland,va_long_beach,3,dual_head_source_only,0.745,0.5,0.745,1.0,0.0,0.8538681948424068,0.0,0.6746282405579682,0.8629625212470255,0.18155445158481598,0,51,0,149
switzerland,va_long_beach,3,dlar_lcl,0.745,0.5,0.745,1.0,0.0,0.8538681948424068,0.0,0.6785761284379525,0.8654544194764527,0.18110986678669136,0,51,0,149
switzerland,cleveland,4,dual_head_source_only,0.45874587458745875,0.5,0.45874587458745875,1.0,0.0,0.6289592760180995,0.0,0.8389191086155466,0.8267128483062769,0.31487587094306946,0,164,0,139
switzerland,cleveland,4,dlar_lcl,0.45874587458745875,0.5,0.45874587458745875,1.0,0.0,0.6289592760180995,0.0,0.8399280575539567,0.8290922201669049,0.31327653002345396,0,164,0,139
switzerland,hungary,4,dual_head_source_only,0.36054421768707484,0.5,0.36054421768707484,1.0,0.0,0.53,0.0,0.8594941790445604,0.8081925275281813,0.37684008479118347,0,188,0,106
switzerland,hungary,4,dlar_lcl,0.36054421768707484,0.5,0.36054421768707484,1.0,0.0,0.53,0.0,0.8617021276595745,0.8104389307475376,0.37462655914699994,0,188,0,106
switzerland,va_long_beach,4,dual_head_source_only,0.745,0.5,0.745,1.0,0.0,0.8538681948424068,0.0,0.7039742071325175,0.8747991124825261,0.18521751463413239,0,51,0,149
switzerland,va_long_beach,4,dlar_lcl,0.745,0.5,0.745,1.0,0.0,0.8538681948424068,0.0,0.7043689959205159,0.8751227766464393,0.18489196859983692,0,51,0,149
switzerland,cleveland,5,dual_head_source_only,0.45874587458745875,0.5,0.45874587458745875,1.0,0.0,0.6289592760180995,0.0,0.5002193367257414,0.4720688809686838,0.29379284381866455,0,164,0,139
switzerland,cleveland,5,dlar_lcl,0.45874587458745875,0.5,0.45874587458745875,1.0,0.0,0.6289592760180995,0.0,0.4944288471661694,0.4646361941328099,0.2932524460383611,0,164,0,139
switzerland,hungary,5,dual_head_source_only,0.36054421768707484,0.5,0.36054421768707484,1.0,0.0,0.53,0.0,0.631172219991971,0.4542776662266594,0.3218197226524353,0,188,0,106
switzerland,hungary,5,dlar_lcl,0.36054421768707484,0.5,0.36054421768707484,1.0,0.0,0.53,0.0,0.6180750702529105,0.43904439748440705,0.3222296723484608,0,188,0,106
switzerland,va_long_beach,5,dual_head_source_only,0.745,0.5,0.745,1.0,0.0,0.8538681948424068,0.0,0.6125148045795499,0.7945273161777715,0.1923508197069168,0,51,0,149
switzerland,va_long_beach,5,dlar_lcl,0.745,0.5,0.745,1.0,0.0,0.8538681948424068,0.0,0.6183050401368602,0.7973065782564202,0.1920700676687602,0,51,0,149
switzerland,cleveland,6,dual_head_source_only,0.45874587458745875,0.5,0.45874587458745875,1.0,0.0,0.6289592760180995,0.0,0.3063256711703808,0.3664477025484529,0.3710654377937317,0,164,0,139
switzerland,cleveland,6,dlar_lcl,0.45874587458745875,0.5,0.45874587458745875,1.0,0.0,0.6289592760180995,0.0,0.2973767327601334,0.3617318355616034,0.37252877962534325,0,164,0,139
switzerland,hungary,6,dual_head_source_only,0.36054421768707484,0.5,0.36054421768707484,1.0,0.0,0.53,0.0,0.2939582496989161,0.2663983390913422,0.4143940508365631,0,188,0,106
switzerland,hungary,6,dlar_lcl,0.36054421768707484,0.5,0.36054421768707484,1.0,0.0,0.53,0.0,0.28402248093135285,0.2628126640923331,0.41499170532403973,0,188,0,106
switzerland,va_long_beach,6,dual_head_source_only,0.745,0.5,0.745,1.0,0.0,0.8538681948424068,0.0,0.5069746019213054,0.7392778274203031,0.19098153710365295,0,51,0,149
switzerland,va_long_beach,6,dlar_lcl,0.745,0.5,0.745,1.0,0.0,0.8538681948424068,0.0,0.5050006579813133,0.7374301789308466,0.191117216553872,0,51,0,149
switzerland,cleveland,7,dual_head_source_only,0.45874587458745875,0.5,0.45874587458745875,1.0,0.0,0.6289592760180995,0.0,0.7695209685909808,0.7506732657424646,0.291021466255188,0,164,0,139
switzerland,cleveland,7,dlar_lcl,0.45874587458745875,0.5,0.45874587458745875,1.0,0.0,0.6289592760180995,0.0,0.7806413405860677,0.7645198658547504,0.28953209632280646,0,164,0,139
switzerland,hungary,7,dual_head_source_only,0.36054421768707484,0.5,0.36054421768707484,1.0,0.0,0.53,0.0,0.8344038538739462,0.7536351528783615,0.3221551477909088,0,188,0,106
switzerland,hungary,7,dlar_lcl,0.36054421768707484,0.5,0.36054421768707484,1.0,0.0,0.53,0.0,0.842884383781614,0.7692520418594648,0.3210896343267292,0,188,0,106
switzerland,va_long_beach,7,dual_head_source_only,0.745,0.5,0.745,1.0,0.0,0.8538681948424068,0.0,0.7192393736017897,0.8717278714861528,0.18734930455684662,0,51,0,149
switzerland,va_long_beach,7,dlar_lcl,0.745,0.5,0.745,1.0,0.0,0.8538681948424068,0.0,0.7202921437031189,0.8734946491218327,0.18708112978420133,0,51,0,149
switzerland,cleveland,8,dual_head_source_only,0.45874587458745875,0.5,0.45874587458745875,1.0,0.0,0.6289592760180995,0.0,0.40068433058431296,0.3981256545998646,0.2990855574607849,0,164,0,139
switzerland,cleveland,8,dlar_lcl,0.45874587458745875,0.5,0.45874587458745875,1.0,0.0,0.6289592760180995,0.0,0.39862256536234425,0.3972478474512413,0.29900558119849185,0,164,0,139
switzerland,hungary,8,dual_head_source_only,0.36054421768707484,0.5,0.36054421768707484,1.0,0.0,0.53,0.0,0.5021577679646728,0.3718294145596498,0.3369167745113373,0,188,0,106
switzerland,hungary,8,dlar_lcl,0.36054421768707484,0.5,0.36054421768707484,1.0,0.0,0.53,0.0,0.4968386190285025,0.3667489338536517,0.3364804754897801,0,188,0,106
switzerland,va_long_beach,8,dual_head_source_only,0.745,0.5,0.745,1.0,0.0,0.8538681948424068,0.0,0.563824187393078,0.7970068356036606,0.19372707605361938,0,51,0,149
switzerland,va_long_beach,8,dlar_lcl,0.745,0.5,0.745,1.0,0.0,0.8538681948424068,0.0,0.5663245163837346,0.7987403127643484,0.19358337175308646,0,51,0,149
switzerland,cleveland,9,dual_head_source_only,0.45874587458745875,0.5,0.45874587458745875,1.0,0.0,0.6289592760180995,0.0,0.5818564660466747,0.57760651591298,0.2743091881275177,0,164,0,139
switzerland,cleveland,9,dlar_lcl,0.45874587458745875,0.5,0.45874587458745875,1.0,0.0,0.6289592760180995,0.0,0.5819003333918231,0.5796180755926998,0.2748392448887084,0,164,0,139
switzerland,hungary,9,dual_head_source_only,0.36054421768707484,0.5,0.36054421768707484,1.0,0.0,0.53,0.0,0.7476415094339622,0.6824141975523429,0.3035315275192261,0,188,0,106
switzerland,hungary,9,dlar_lcl,0.36054421768707484,0.5,0.36054421768707484,1.0,0.0,0.53,0.0,0.7557205941388999,0.6934472684729055,0.30245664708467274,0,188,0,106
switzerland,va_long_beach,9,dual_head_source_only,0.745,0.5,0.745,1.0,0.0,0.8538681948424068,0.0,0.6446242926700881,0.8330305894784943,0.19520175457000732,0,51,0,149
switzerland,va_long_beach,9,dlar_lcl,0.745,0.5,0.745,1.0,0.0,0.8538681948424068,0.0,0.6492301618634032,0.8350176063253205,0.19455728143474033,0,51,0,149
va_long_beach,cleveland,0,dual_head_source_only,0.45874587458745875,0.5,0.45874587458745875,1.0,0.0,0.6289592760180995,0.0,0.8145727320582558,0.801029823935356,0.2852417230606079,0,164,0,139
va_long_beach,cleveland,0,dlar_lcl,0.45874587458745875,0.5,0.45874587458745875,1.0,0.0,0.6289592760180995,0.0,0.8176434462186348,0.8041494192008222,0.2823074264790591,0,164,0,139
va_long_beach,hungary,0,dual_head_source_only,0.36054421768707484,0.5,0.36054421768707484,1.0,0.0,0.53,0.0,0.8941690084303492,0.8380184755622099,0.2979523539543152,0,188,0,106
va_long_beach,hungary,0,dlar_lcl,0.36054421768707484,0.5,0.36054421768707484,1.0,0.0,0.53,0.0,0.8949718988358089,0.837854181523053,0.29505607471182,0,188,0,106
va_long_beach,switzerland,0,dual_head_source_only,0.9349593495934959,0.5,0.9349593495934959,1.0,0.0,0.9663865546218487,0.0,0.7108695652173913,0.9656478860607456,0.09920021891593933,0,8,0,115
va_long_beach,switzerland,0,dlar_lcl,0.9349593495934959,0.5,0.9349593495934959,1.0,0.0,0.9663865546218487,0.0,0.7152173913043478,0.9667613586486324,0.09881574058220849,0,8,0,115
va_long_beach,cleveland,1,dual_head_source_only,0.45874587458745875,0.5,0.45874587458745875,1.0,0.0,0.6289592760180995,0.0,0.822161782768907,0.8108736056568704,0.25585833191871643,0,164,0,139
va_long_beach,cleveland,1,dlar_lcl,0.45874587458745875,0.5,0.45874587458745875,1.0,0.0,0.6289592760180995,0.0,0.8253640989647306,0.8136868773557216,0.2541550283203426,0,164,0,139
va_long_beach,hungary,1,dual_head_source_only,0.36054421768707484,0.5,0.36054421768707484,1.0,0.0,0.53,0.0,0.8421818546768367,0.8046469582871865,0.2779611349105835,0,188,0,106
va_long_beach,hungary,1,dlar_lcl,0.36054421768707484,0.5,0.36054421768707484,1.0,0.0,0.53,0.0,0.8429847450822964,0.8049232025911129,0.2762023023874383,0,188,0,106
va_long_beach,switzerland,1,dual_head_source_only,0.9349593495934959,0.5,0.9349593495934959,1.0,0.0,0.9663865546218487,0.0,0.7391304347826086,0.9729180403015689,0.1390807032585144,0,8,0,115
va_long_beach,switzerland,1,dlar_lcl,0.9349593495934959,0.5,0.9349593495934959,1.0,0.0,0.9663865546218487,0.0,0.7347826086956522,0.9726233404353917,0.13862443961660112,0,8,0,115
va_long_beach,cleveland,2,dual_head_source_only,0.45874587458745875,0.5,0.45874587458745875,1.0,0.0,0.6289592760180995,0.0,0.7897438147043341,0.7833243701066703,0.28570735454559326,0,164,0,139
va_long_beach,cleveland,2,dlar_lcl,0.45874587458745875,0.5,0.45874587458745875,1.0,0.0,0.6289592760180995,0.0,0.7927706615195649,0.7854379643907163,0.28427121228788177,0,164,0,139
va_long_beach,hungary,2,dual_head_source_only,0.36054421768707484,0.5,0.36054421768707484,1.0,0.0,0.53,0.0,0.8631573665194701,0.7671350631936769,0.30604803562164307,0,188,0,106
va_long_beach,hungary,2,dlar_lcl,0.36054421768707484,0.5,0.36054421768707484,1.0,0.0,0.53,0.0,0.8647631473303894,0.7696788570319102,0.30506072237655973,0,188,0,106
va_long_beach,switzerland,2,dual_head_source_only,0.9349593495934959,0.5,0.9349593495934959,1.0,0.0,0.9663865546218487,0.0,0.7,0.9594714101261915,0.10200347751379013,0,8,0,115
va_long_beach,switzerland,2,dlar_lcl,0.9349593495934959,0.5,0.9349593495934959,1.0,0.0,0.9663865546218487,0.0,0.7021739130434782,0.9615842489510825,0.10167431179262142,0,8,0,115
va_long_beach,cleveland,3,dual_head_source_only,0.45874587458745875,0.5,0.45874587458745875,1.0,0.0,0.6289592760180995,0.0,0.8038690998420776,0.7875667974639113,0.2646389603614807,0,164,0,139
va_long_beach,cleveland,3,dlar_lcl,0.45874587458745875,0.5,0.45874587458745875,1.0,0.0,0.6289592760180995,0.0,0.8064134058606772,0.7899348980857104,0.2627825482335705,0,164,0,139
va_long_beach,hungary,3,dual_head_source_only,0.36054421768707484,0.5,0.36054421768707484,1.0,0.0,0.53,0.0,0.8725411481332798,0.8084284872993361,0.26461318135261536,0,188,0,106
va_long_beach,hungary,3,dlar_lcl,0.36054421768707484,0.5,0.36054421768707484,1.0,0.0,0.53,0.0,0.8740465676435167,0.8096077088154817,0.2628742817588586,0,188,0,106
va_long_beach,switzerland,3,dual_head_source_only,0.9349593495934959,0.5,0.9349593495934959,1.0,0.0,0.9663865546218487,0.0,0.7173913043478262,0.9686964665598683,0.11531854420900345,0,8,0,115
va_long_beach,switzerland,3,dlar_lcl,0.9349593495934959,0.5,0.9349593495934959,1.0,0.0,0.9663865546218487,0.0,0.7173913043478262,0.9686964665598683,0.11448486487049818,0,8,0,115
va_long_beach,cleveland,4,dual_head_source_only,0.45874587458745875,0.5,0.45874587458745875,1.0,0.0,0.6289592760180995,0.0,0.846069485874715,0.8306010028357803,0.2455102950334549,0,164,0,139
va_long_beach,cleveland,4,dlar_lcl,0.45874587458745875,0.5,0.45874587458745875,1.0,0.0,0.6289592760180995,0.0,0.8456308124232321,0.8296823662527234,0.24452484971829214,0,164,0,139
va_long_beach,hungary,4,dual_head_source_only,0.36054421768707484,0.5,0.36054421768707484,1.0,0.0,0.53,0.0,0.8751505419510237,0.8166202486277083,0.2645764648914337,0,188,0,106
va_long_beach,hungary,4,dlar_lcl,0.36054421768707484,0.5,0.36054421768707484,1.0,0.0,0.53,0.0,0.8758028904054597,0.8168029820853595,0.263264806077876,0,188,0,106
va_long_beach,switzerland,4,dual_head_source_only,0.9349593495934959,0.5,0.9349593495934959,1.0,0.0,0.9663865546218487,0.0,0.6652173913043478,0.9629943565943737,0.12143343687057495,0,8,0,115
va_long_beach,switzerland,4,dlar_lcl,0.9349593495934959,0.5,0.9349593495934959,1.0,0.0,0.9663865546218487,0.0,0.6630434782608696,0.963018154922189,0.12088208739649071,0,8,0,115
va_long_beach,cleveland,5,dual_head_source_only,0.45874587458745875,0.5,0.45874587458745875,1.0,0.0,0.6289592760180995,0.0,0.7959291103702404,0.761605258861428,0.2701827585697174,0,164,0,139
va_long_beach,cleveland,5,dlar_lcl,0.45874587458745875,0.5,0.45874587458745875,1.0,0.0,0.6289592760180995,0.0,0.7969380593086506,0.7660649521456706,0.2690965749139435,0,164,0,139
va_long_beach,hungary,5,dual_head_source_only,0.36054421768707484,0.5,0.36054421768707484,1.0,0.0,0.53,0.0,0.8311922922521076,0.7361956740732092,0.2908199429512024,0,188,0,106
va_long_beach,hungary,5,dlar_lcl,0.36054421768707484,0.5,0.36054421768707484,1.0,0.0,0.53,0.0,0.8308912083500601,0.7355401810079556,0.2894078277130067,0,188,0,106
va_long_beach,switzerland,5,dual_head_source_only,0.9349593495934959,0.5,0.9349593495934959,1.0,0.0,0.9663865546218487,0.0,0.6717391304347826,0.9627388731106143,0.11528661847114563,0,8,0,115
va_long_beach,switzerland,5,dlar_lcl,0.9349593495934959,0.5,0.9349593495934959,1.0,0.0,0.9663865546218487,0.0,0.6728260869565218,0.963100281655667,0.11497894081675243,0,8,0,115
va_long_beach,cleveland,6,dual_head_source_only,0.45874587458745875,0.5,0.45874587458745875,1.0,0.0,0.6289592760180995,0.0,0.7075802772416213,0.6502807908971925,0.3000137209892273,0,164,0,139
va_long_beach,cleveland,6,dlar_lcl,0.45874587458745875,0.5,0.45874587458745875,1.0,0.0,0.6289592760180995,0.0,0.7119231444113002,0.6532537878506754,0.2984061562712099,0,164,0,139
va_long_beach,hungary,6,dual_head_source_only,0.36054421768707484,0.5,0.36054421768707484,1.0,0.0,0.53,0.0,0.7723303894018466,0.6609492656505053,0.32110893726348877,0,188,0,106
va_long_beach,hungary,6,dlar_lcl,0.36054421768707484,0.5,0.36054421768707484,1.0,0.0,0.53,0.0,0.7757426736250501,0.6647438488832069,0.3194661903933826,0,188,0,106
va_long_beach,switzerland,6,dual_head_source_only,0.9349593495934959,0.5,0.9349593495934959,1.0,0.0,0.9663865546218487,0.0,0.608695652173913,0.9419687537258272,0.10846035927534103,0,8,0,115
va_long_beach,switzerland,6,dlar_lcl,0.9349593495934959,0.5,0.9349593495934959,1.0,0.0,0.9663865546218487,0.0,0.6108695652173913,0.9423423886668306,0.10842849840737978,0,8,0,115
va_long_beach,cleveland,7,dual_head_source_only,0.45874587458745875,0.5,0.45874587458745875,1.0,0.0,0.6289592760180995,0.0,0.8201438848920863,0.8169558772181384,0.2791280746459961,0,164,0,139
va_long_beach,cleveland,7,dlar_lcl,0.45874587458745875,0.5,0.45874587458745875,1.0,0.0,0.6289592760180995,0.0,0.8215915072819792,0.8180105329492149,0.2776348237996915,0,164,0,139
va_long_beach,hungary,7,dual_head_source_only,0.36054421768707484,0.5,0.36054421768707484,1.0,0.0,0.53,0.0,0.8809714973906061,0.8220036069092667,0.2983799874782562,0,188,0,106
va_long_beach,hungary,7,dlar_lcl,0.36054421768707484,0.5,0.36054421768707484,1.0,0.0,0.53,0.0,0.8803191489361702,0.8217123623875786,0.2968509534327595,0,188,0,106
va_long_beach,switzerland,7,dual_head_source_only,0.9349593495934959,0.5,0.9349593495934959,1.0,0.0,0.9663865546218487,0.0,0.7173913043478262,0.9674628008613817,0.10534237325191498,0,8,0,115
va_long_beach,switzerland,7,dlar_lcl,0.9349593495934959,0.5,0.9349593495934959,1.0,0.0,0.9663865546218487,0.0,0.717391304347826,0.967951565124212,0.1052952751670446,0,8,0,115
va_long_beach,cleveland,8,dual_head_source_only,0.45874587458745875,0.5,0.45874587458745875,1.0,0.0,0.6289592760180995,0.0,0.7946130900157922,0.775058468623585,0.27585166692733765,0,164,0,139
va_long_beach,cleveland,8,dlar_lcl,0.45874587458745875,0.5,0.45874587458745875,1.0,0.0,0.6289592760180995,0.0,0.7975522021407264,0.7761890265647804,0.2747316523194806,0,164,0,139
va_long_beach,hungary,8,dual_head_source_only,0.36054421768707484,0.5,0.36054421768707484,1.0,0.0,0.53,0.0,0.8588920112404658,0.8021777794822862,0.3079015910625458,0,188,0,106
va_long_beach,hungary,8,dlar_lcl,0.36054421768707484,0.5,0.36054421768707484,1.0,0.0,0.53,0.0,0.86029706945002,0.8033855980805413,0.30665590264329023,0,188,0,106
va_long_beach,switzerland,8,dual_head_source_only,0.9349593495934959,0.5,0.9349593495934959,1.0,0.0,0.9663865546218487,0.0,0.7358695652173913,0.9710698743559353,0.09295099228620529,0,8,0,115
va_long_beach,switzerland,8,dlar_lcl,0.9349593495934959,0.5,0.9349593495934959,1.0,0.0,0.9663865546218487,0.0,0.7336956521739131,0.9706499722927415,0.09250423450674686,0,8,0,115
va_long_beach,cleveland,9,dual_head_source_only,0.45874587458745875,0.5,0.45874587458745875,1.0,0.0,0.6289592760180995,0.0,0.7638620810668538,0.7403577594809795,0.27358952164649963,0,164,0,139
va_long_beach,cleveland,9,dlar_lcl,0.45874587458745875,0.5,0.45874587458745875,1.0,0.0,0.6289592760180995,0.0,0.7658799789436743,0.74186146870142,0.27277283299344707,0,164,0,139
va_long_beach,hungary,9,dual_head_source_only,0.36054421768707484,0.5,0.36054421768707484,1.0,0.0,0.53,0.0,0.8446407065435567,0.7961563526287494,0.2922973036766052,0,188,0,106
va_long_beach,hungary,9,dlar_lcl,0.36054421768707484,0.5,0.36054421768707484,1.0,0.0,0.53,0.0,0.8456945002007226,0.7977257086180874,0.2907022433648271,0,188,0,106
va_long_beach,switzerland,9,dual_head_source_only,0.9349593495934959,0.5,0.9349593495934959,1.0,0.0,0.9663865546218487,0.0,0.6880434782608695,0.9660526803797909,0.10614562779664993,0,8,0,115
va_long_beach,switzerland,9,dlar_lcl,0.9349593495934959,0.5,0.9349593495934959,1.0,0.0,0.9663865546218487,0.0,0.6869565217391305,0.9658896620506043,0.10593333495695767,0,8,0,115
