seed,target,variant,source_roc_auc,roc_auc,delta_roc_auc,source_brier,brier,brier_improvement,delta_balanced_accuracy,negative_adaptation_auc,brier_worsened
0,hungary,no_pseudo,0.8768065034122842,0.876756322761943,-5.0180650341125066e-05,0.13689759373664856,0.13645984103148395,0.00043775270516460685,0.005319148936170137,True,False
0,hungary,no_entropy,0.8768065034122842,0.8766057808109193,-0.00020072260136483333,0.13689759373664856,0.13706420602672134,-0.00016661229007278178,0.0026595744680850686,True,True
0,hungary,no_anchor,0.8768065034122842,0.8766057808109194,-0.0002007226013647223,0.13689759373664856,0.13716870077038917,-0.00027110703374061407,0.0,True,True
0,hungary,no_prior,0.8768065034122842,0.8765054195102369,-0.0003010839020473055,0.13689759373664856,0.1370745819217608,-0.0001769881851122479,0.0026595744680850686,True,True
0,switzerland,no_pseudo,0.7663043478260869,0.7641304347826087,-0.0021739130434782483,0.16091971099376678,0.1594525475820196,0.0014671634117471855,0.0,True,False
0,switzerland,no_entropy,0.7663043478260869,0.7652173913043478,-0.0010869565217390686,0.16091971099376678,0.16498418698689207,-0.004064475993125288,-0.004347826086956497,True,True
0,switzerland,no_anchor,0.7663043478260869,0.7630434782608696,-0.003260869565217317,0.16091971099376678,0.16616210812770527,-0.005242397133938481,-0.004347826086956497,True,True
0,switzerland,no_prior,0.7663043478260869,0.7641304347826088,-0.0021739130434781373,0.16091971099376678,0.165209872580338,-0.004290161586571223,-0.004347826086956497,True,True
0,va_long_beach,no_pseudo,0.7301618634030793,0.7298986708777471,-0.00026319252533224535,0.17828169465065002,0.17789006868077017,0.00039162596987984966,0.0,True,False
0,va_long_beach,no_entropy,0.7301618634030793,0.7305566521910777,0.00039478878799836803,0.17828169465065002,0.1793983663586875,-0.0011166717080374755,0.0,False,True
0,va_long_beach,no_anchor,0.7301618634030793,0.7301618634030794,1.1102230246251565e-16,0.17828169465065002,0.17975865399283467,-0.0014769593421846416,0.0,False,True
0,va_long_beach,no_prior,0.7301618634030793,0.7302934596657454,0.00013159626266612268,0.17828169465065002,0.17951287587269257,-0.0012311812220425489,0.0,False,True
1,hungary,no_pseudo,0.8808209554395825,0.8805198715375352,-0.0003010839020473055,0.13288402557373047,0.13260219976204582,0.0002818258116846495,0.0,True,False
1,hungary,no_entropy,0.8808209554395825,0.8807205941389001,-0.00010036130068236115,0.13288402557373047,0.13308998583518564,-0.0002059602614551681,0.0,True,True
1,hungary,no_anchor,0.8808209554395825,0.8806704134885588,-0.00015054195102370826,0.13288402557373047,0.13311579911421406,-0.000231773540483593,0.0,True,True
1,hungary,no_prior,0.8808209554395825,0.8807707747892413,-5.018065034123609e-05,0.13288402557373047,0.13304476671071236,-0.00016074113698189008,0.0,True,True
1,switzerland,no_pseudo,0.75,0.75,0.0,0.15638771653175354,0.15601323890243807,0.0003744776293154728,0.0,False,False
1,switzerland,no_entropy,0.75,0.7489130434782608,-0.0010869565217391797,0.15638771653175354,0.15901501078333743,-0.002627294251583895,-0.004347826086956497,True,True
1,switzerland,no_anchor,0.75,0.75,0.0,0.15638771653175354,0.1593236271264482,-0.0029359105946946684,-0.004347826086956497,False,True
1,switzerland,no_prior,0.75,0.75,0.0,0.15638771653175354,0.15887346263313246,-0.002485746101378916,-0.004347826086956497,False,True
1,va_long_beach,no_pseudo,0.7381892354257139,0.7377944466377154,-0.00039478878799847905,0.1753191351890564,0.17514849648368422,0.00017063870537217807,0.0,True,False
1,va_long_beach,no_entropy,0.7381892354257139,0.7375312541123833,-0.0006579813133306134,0.1753191351890564,0.17620853884523582,-0.0008894036561794272,0.0,True,True
1,va_long_beach,no_anchor,0.7381892354257139,0.73832083168838,0.00013159626266612268,0.1753191351890564,0.17635060253628856,-0.0010314673472321678,0.0,False,True
1,va_long_beach,no_prior,0.7381892354257139,0.7380576391630478,-0.00013159626266612268,0.1753191351890564,0.17621275679929893,-0.0008936216102425343,0.0,True,True
2,hungary,no_pseudo,0.878061019670815,0.8781112003211562,5.018065034123609e-05,0.13494929671287537,0.13463311886248913,0.00031617785038623447,0.007978723404255317,False,False
2,hungary,no_entropy,0.878061019670815,0.8782617422721798,0.00020072260136483333,0.13494929671287537,0.13506283589960974,-0.0001135391867343738,0.005319148936170248,False,True
2,hungary,no_anchor,0.878061019670815,0.8786130068245686,0.000551987153753597,0.13494929671287537,0.1350145293994164,-6.523268654104464e-05,0.010036130068245774,False,True
2,hungary,no_prior,0.878061019670815,0.8782617422721798,0.00020072260136483333,0.13494929671287537,0.1349833901450889,-3.4093432213527786e-05,0.005319148936170248,False,True
2,switzerland,no_pseudo,0.7565217391304347,0.7543478260869566,-0.0021739130434781373,0.1607487052679062,0.15845507558516556,0.0022936296827406333,0.004347826086956497,True,False
2,switzerland,no_entropy,0.7565217391304347,0.7576086956521739,0.0010869565217391797,0.1607487052679062,0.16464518045892823,-0.003896475191022042,-0.004347826086956497,False,True
2,switzerland,no_anchor,0.7565217391304347,0.7565217391304349,1.1102230246251565e-16,0.1607487052679062,0.1660830064184319,-0.0053343011505257165,-0.004347826086956497,False,True
2,switzerland,no_prior,0.7565217391304347,0.7576086956521739,0.0010869565217391797,0.1607487052679062,0.16454861017473418,-0.0037999049068279944,-0.004347826086956497,False,True
2,va_long_beach,no_pseudo,0.7154230819844715,0.7160810632978023,0.0006579813133308354,0.17846263945102692,0.17784473463617162,0.0006179048148552968,0.0,False,False
2,va_long_beach,no_entropy,0.7154230819844715,0.7171338333991314,0.0017107514146599279,0.17846263945102692,0.179362654229676,-0.0009000147786490942,0.0,False,True
2,va_long_beach,no_anchor,0.7154230819844715,0.7175286221871299,0.002105540202658407,0.17846263945102692,0.1798157119093223,-0.0013530724582953846,0.0,False,True
2,va_long_beach,no_prior,0.7154230819844715,0.7164758520858008,0.0010527701013293145,0.17846263945102692,0.17950864448932694,-0.0010460050383000186,0.0,False,True
3,hungary,no_pseudo,0.8733942191890808,0.8729927739863509,-0.0004014452027298887,0.13829657435417175,0.13830807873057616,-1.150437640440316e-05,0.0,True,True
3,hungary,no_entropy,0.8733942191890808,0.8728422320353272,-0.000551987153753597,0.13829657435417175,0.1385620272031352,-0.00026545284896345445,0.0,True,True
3,hungary,no_anchor,0.8733942191890808,0.8728422320353272,-0.000551987153753597,0.13829657435417175,0.13843807544274758,-0.00014150108857582944,0.0,True,True
3,hungary,no_prior,0.8733942191890808,0.8727418707346447,-0.0006523484544360691,0.13829657435417175,0.1384759088666811,-0.00017933451250934374,0.0,True,True
3,switzerland,no_pseudo,0.7576086956521739,0.7576086956521739,0.0,0.16727250814437866,0.16513969668418724,0.002132811460191425,0.004347826086956497,False,False
3,switzerland,no_entropy,0.7576086956521739,0.7576086956521739,0.0,0.16727250814437866,0.1705251404592281,-0.0032526323148494296,0.0,False,True
3,switzerland,no_anchor,0.7576086956521739,0.7597826086956521,0.0021739130434781373,0.16727250814437866,0.1712860436918889,-0.004013535547510244,0.0,False,True
3,switzerland,no_prior,0.7576086956521739,0.7597826086956521,0.0021739130434781373,0.16727250814437866,0.17036478170912,-0.0030922735647413435,0.0,False,True
3,va_long_beach,no_pseudo,0.7260823792604291,0.727003553099092,0.0009211738386629698,0.17928633093833923,0.1786809732567754,0.000605357681563834,0.0,False,False
3,va_long_beach,no_entropy,0.7260823792604291,0.7263455717857613,0.00026319252533224535,0.17928633093833923,0.1800640600475642,-0.0007777291092249672,0.0,False,True
3,va_long_beach,no_anchor,0.7260823792604291,0.7275299381497565,0.0014475588893274605,0.17928633093833923,0.18030125757991627,-0.0010149266415770408,-0.003355704697986628,False,True
3,va_long_beach,no_prior,0.7260823792604291,0.7267403605737598,0.0006579813133307244,0.17928633093833923,0.18010894191750915,-0.0008226109791699132,0.0,False,True
4,hungary,no_pseudo,0.8840325170614212,0.8838819751103975,-0.00015054195102370826,0.13515280187129974,0.13502236939374293,0.0001304324775568133,0.0,True,False
4,hungary,no_entropy,0.8840325170614212,0.8837314331593737,-0.00030108390204741653,0.13515280187129974,0.13553635258893298,-0.0003835507176332409,0.0,True,True
4,hungary,no_anchor,0.8840325170614212,0.8836812525090324,-0.00035126455238876364,0.13515280187129974,0.1356175132911168,-0.0004647114198170488,0.0,True,True
4,hungary,no_prior,0.8840325170614212,0.88358089120835,-0.0004516258530711248,0.13515280187129974,0.13552410539175425,-0.0003713035204545023,0.0,True,True
4,switzerland,no_pseudo,0.7815217391304348,0.7815217391304348,0.0,0.1572275310754776,0.1552495563077414,0.0019779747677362014,0.0,False,False
4,switzerland,no_entropy,0.7815217391304348,0.7760869565217392,-0.005434782608695565,0.1572275310754776,0.1602101060327217,-0.002982574957244105,0.0,True,True
4,switzerland,no_anchor,0.7815217391304348,0.7771739130434783,-0.004347826086956497,0.1572275310754776,0.16191844340856154,-0.004690912333083941,0.0,True,True
4,switzerland,no_prior,0.7815217391304348,0.7782608695652175,-0.003260869565217317,0.1572275310754776,0.16019405831728073,-0.0029665272418031297,0.0,True,True
4,va_long_beach,no_pseudo,0.734504540071062,0.7341097512830637,-0.00039478878799836803,0.17922310531139374,0.17860461305243758,0.0006184922589561603,0.0,True,False
4,va_long_beach,no_entropy,0.734504540071062,0.734636136333728,0.00013159626266601165,0.17922310531139374,0.18033243091110868,-0.0011093255997149387,0.0,False,True
4,va_long_beach,no_anchor,0.734504540071062,0.7348993288590605,0.00039478878799847905,0.17922310531139374,0.18082701030569745,-0.001603904994303712,0.0,False,True
4,va_long_beach,no_prior,0.734504540071062,0.7347677325963944,0.0002631925253323564,0.17922310531139374,0.18042770170691674,-0.0012045963955230055,0.0,False,True
5,hungary,no_pseudo,0.8781112003211561,0.878061019670815,-5.0180650341125066e-05,0.14037412405014038,0.140251003785918,0.00012312026422237055,0.0,True,False
5,hungary,no_entropy,0.8781112003211561,0.8778101164191088,-0.0003010839020473055,0.14037412405014038,0.1405030598647859,-0.0001289358146455144,0.0,True,True
5,hungary,no_anchor,0.8781112003211561,0.8777599357687677,-0.0003512645523884306,0.14037412405014038,0.14042845167526558,-5.432762512519451e-05,0.0026595744680850686,True,True
5,hungary,no_prior,0.8781112003211561,0.8778101164191089,-0.0003010839020471945,0.14037412405014038,0.14037892357496165,-4.799524821269552e-06,0.0,True,True
5,switzerland,no_pseudo,0.7684782608695653,0.7684782608695653,0.0,0.1514216810464859,0.15006110484763327,0.001360576198852631,-0.0625,False,False
5,switzerland,no_entropy,0.7684782608695653,0.7663043478260869,-0.0021739130434783593,0.1514216810464859,0.154229295429725,-0.002807614383239093,0.0,True,True
5,switzerland,no_anchor,0.7684782608695653,0.767391304347826,-0.0010869565217392907,0.1514216810464859,0.15550721443314977,-0.00408553338666387,0.0,True,True
5,switzerland,no_prior,0.7684782608695653,0.7663043478260869,-0.0021739130434783593,0.1514216810464859,0.15435238104071036,-0.0029306999942244616,0.0,True,True
5,va_long_beach,no_pseudo,0.7273983418870904,0.727924726937755,0.0005263850506646017,0.1751755177974701,0.1746396875192508,0.0005358302782192959,0.0,False,False
5,va_long_beach,no_entropy,0.7273983418870904,0.7295038820897487,0.002105540202658296,0.1751755177974701,0.1758161680964967,-0.0006406502990266016,0.0,False,True
5,va_long_beach,no_anchor,0.7273983418870904,0.7289774970390841,0.0015791551519936942,0.1751755177974701,0.1761409611631063,-0.0009654433656361983,-0.003355704697986517,False,True
5,va_long_beach,no_prior,0.7273983418870904,0.7289774970390841,0.0015791551519936942,0.1751755177974701,0.1759734478322418,-0.0007979300347717155,0.0,False,True
6,hungary,no_pseudo,0.8808209554395825,0.8806704134885588,-0.00015054195102370826,0.13335499167442322,0.13300874225941914,0.0003462494150040796,0.0,True,False
6,hungary,no_entropy,0.8808209554395825,0.880921316740265,0.00010036130068247218,0.13335499167442322,0.13329257618843549,6.241548598773239e-05,0.004716981132075415,False,False
6,hungary,no_anchor,0.8808209554395825,0.8810216780409474,0.00020072260136494435,0.13335499167442322,0.1332010209222909,0.00015397075213230416,0.0,False,False
6,hungary,no_prior,0.8808209554395825,0.8809714973906063,0.0001505419510238193,0.13335499167442322,0.13318749357452692,0.0001674980998963016,0.0,False,False
6,switzerland,no_pseudo,0.741304347826087,0.741304347826087,0.0,0.16317924857139587,0.16223136503827143,0.000947883533124444,0.004347826086956497,False,False
6,switzerland,no_entropy,0.741304347826087,0.7434782608695653,0.0021739130434782483,0.16317924857139587,0.16650308377143616,-0.003323835200040287,0.0,False,True
6,switzerland,no_anchor,0.741304347826087,0.7434782608695653,0.0021739130434782483,0.16317924857139587,0.16644731239151864,-0.003268063820122763,0.0,False,True
6,switzerland,no_prior,0.741304347826087,0.7434782608695653,0.0021739130434782483,0.16317924857139587,0.16625221528113526,-0.0030729667097393887,0.0,False,True
6,va_long_beach,no_pseudo,0.7329253849190683,0.7330569811817346,0.0001315962626662337,0.17907413840293884,0.17853817524542534,0.0005359631575135027,0.0,False,False
6,va_long_beach,no_entropy,0.7329253849190683,0.7325305961310699,-0.00039478878799847905,0.17907413840293884,0.18032027160105524,-0.0012461331981163948,0.0,True,True
6,va_long_beach,no_anchor,0.7329253849190683,0.7330569811817343,0.00013159626266601165,0.17907413840293884,0.1803455323572021,-0.0012713939542632613,0.0,False,True
6,va_long_beach,no_prior,0.7329253849190683,0.7330569811817346,0.0001315962626662337,0.17907413840293884,0.18030418985865274,-0.001230051455713893,0.0,False,True
7,hungary,no_pseudo,0.8768065034122843,0.876756322761943,-5.018065034123609e-05,0.13462598621845245,0.1343753720109009,0.0002506142075515416,-0.004716981132075415,True,False
7,hungary,no_entropy,0.8768065034122843,0.8764050582095544,-0.0004014452027298887,0.13462598621845245,0.13485696113175455,-0.00023097491330209552,0.004716981132075415,True,True
7,hungary,no_anchor,0.8768065034122843,0.8763046969088719,-0.0005018065034123609,0.13462598621845245,0.1346818479984713,-5.586178001884545e-05,-0.004716981132075415,True,True
7,hungary,no_prior,0.8768065034122843,0.8763548775592132,-0.0004516258530711248,0.13462598621845245,0.13475672204129677,-0.0001307358228443134,0.0,True,True
7,switzerland,no_pseudo,0.7195652173913043,0.7195652173913043,0.0,0.16971521079540253,0.1675193744925116,0.0021958363028909134,0.004347826086956497,False,False
7,switzerland,no_entropy,0.7195652173913043,0.7184782608695652,-0.0010869565217390686,0.16971521079540253,0.1733641367224152,-0.003648925927012686,0.0,True,True
7,switzerland,no_anchor,0.7195652173913043,0.7184782608695652,-0.0010869565217390686,0.16971521079540253,0.1741709866153286,-0.004455775819926067,-0.004347826086956497,True,True
7,switzerland,no_prior,0.7195652173913043,0.7184782608695652,-0.0010869565217390686,0.16971521079540253,0.17345570290618836,-0.003740492110785837,-0.004347826086956497,True,True
7,va_long_beach,no_pseudo,0.7312146335044085,0.7308198447164099,-0.0003947887879985901,0.18247690796852112,0.18191302257633765,0.0005638853921834663,0.003355704697986628,True,False
7,va_long_beach,no_entropy,0.7312146335044085,0.7314778260297407,0.00026319252533213433,0.18247690796852112,0.18340482701856525,-0.0009279190500441348,0.0,False,True
7,va_long_beach,no_anchor,0.7312146335044085,0.7310830372417424,-0.00013159626266612268,0.18247690796852112,0.1838353789598368,-0.001358470991315669,0.0,True,True
7,va_long_beach,no_prior,0.7312146335044085,0.7310830372417424,-0.00013159626266612268,0.18247690796852112,0.1835575390702698,-0.0010806311017486914,0.0,True,True
8,hungary,no_pseudo,0.875451625853071,0.8754516258530711,1.1102230246251565e-16,0.13970597088336945,0.1395980901777465,0.0001078807056229536,0.0,False,False
8,hungary,no_entropy,0.875451625853071,0.8755018065034124,5.018065034134711e-05,0.13970597088336945,0.14006016344365724,-0.00035419256028779156,0.0,False,True
8,hungary,no_anchor,0.875451625853071,0.8755519871537536,0.0001003613006825832,0.13970597088336945,0.13997661939503137,-0.0002706485116619195,0.0,False,True
8,hungary,no_prior,0.875451625853071,0.8755519871537536,0.0001003613006825832,0.13970597088336945,0.1399238339192674,-0.00021786303589796385,0.0,False,True
8,switzerland,no_pseudo,0.7597826086956522,0.7608695652173914,0.0010869565217391797,0.15335696935653687,0.15097736157864317,0.0023796077778936997,0.0,False,False
8,switzerland,no_entropy,0.7597826086956522,0.7608695652173914,0.0010869565217391797,0.15335696935653687,0.15564641828979955,-0.002289448933262689,-0.004347826086956608,False,True
8,switzerland,no_anchor,0.7597826086956522,0.7608695652173914,0.0010869565217391797,0.15335696935653687,0.158033882204689,-0.004676912848152137,-0.008695652173913104,False,True
8,switzerland,no_prior,0.7597826086956522,0.7619565217391304,0.0021739130434782483,0.15335696935653687,0.15609075373039666,-0.0027337843738597933,-0.004347826086956608,False,True
8,va_long_beach,no_pseudo,0.7285827082510857,0.728845900776418,0.00026319252533224535,0.17635402083396912,0.1757661713539828,0.0005878494799863299,0.0,False,False
8,va_long_beach,no_entropy,0.7285827082510857,0.7277931306750888,-0.0007895775759969581,0.17635402083396912,0.17730585671540283,-0.0009518358814337158,0.0,True,True
8,va_long_beach,no_anchor,0.7285827082510857,0.7295038820897487,0.0009211738386629698,0.17635402083396912,0.17756978296064752,-0.0012157621266783991,0.0,False,True
8,va_long_beach,no_prior,0.7285827082510857,0.7284511119884195,-0.0001315962626662337,0.17635402083396912,0.17729591144515403,-0.000941890611184909,0.0,True,True
9,hungary,no_pseudo,0.884684865515857,0.884634684865516,-5.0180650341014044e-05,0.13037876784801483,0.13007936028335884,0.00029940756465599017,0.0026595744680850686,True,False
9,hungary,no_entropy,0.884684865515857,0.8843336009634686,-0.0003512645523884306,0.13037876784801483,0.13067139844012415,-0.00029263059210932196,0.0,True,True
9,hungary,no_anchor,0.884684865515857,0.8841830590124448,-0.0005018065034122499,0.13037876784801483,0.13059477764949992,-0.00021600980148508975,0.0,True,True
9,hungary,no_prior,0.884684865515857,0.8844339622641508,-0.00025090325170618044,0.13037876784801483,0.13056583367114638,-0.00018706582313154918,0.0,True,True
9,switzerland,no_pseudo,0.7456521739130435,0.7478260869565218,0.0021739130434782483,0.16420753300189972,0.16190701146151973,0.0023005215403799906,0.0,False,False
9,switzerland,no_entropy,0.7456521739130435,0.7434782608695653,-0.0021739130434782483,0.16420753300189972,0.16823624044214094,-0.004028707440241225,-0.004347826086956497,True,True
9,switzerland,no_anchor,0.7456521739130435,0.7434782608695651,-0.0021739130434783593,0.16420753300189972,0.16993872721583003,-0.005731194213930313,-0.004347826086956497,True,True
9,switzerland,no_prior,0.7456521739130435,0.7434782608695651,-0.0021739130434783593,0.16420753300189972,0.1679184617765441,-0.0037109287746443786,-0.004347826086956497,True,True
9,va_long_beach,no_pseudo,0.7402947756283722,0.7397683905777076,-0.0005263850506646017,0.17817142605781555,0.17750869152615348,0.0006627345316620736,0.0,True,False
9,va_long_beach,no_entropy,0.7402947756283722,0.7396367943150416,-0.0006579813133306134,0.17817142605781555,0.17969494451988197,-0.0015235184620664144,0.0,True,True
9,va_long_beach,no_anchor,0.7402947756283722,0.74003158310304,-0.00026319252533224535,0.17817142605781555,0.18017289076150533,-0.0020014647036897815,0.0,True,True
9,va_long_beach,no_prior,0.7402947756283722,0.7402947756283722,0.0,0.17817142605781555,0.17961733044928171,-0.001445904391466163,0.0,False,True
