architecture,source,target,seed,method,n,prevalence,roc_auc,average_precision,brier,ece10,accuracy,balanced_accuracy,sensitivity,specificity,predicted_positive_rate,mean_probability
dual_head,cleveland,hungary,0,dual_head_source_only,294,0.36054421768707484,0.8777097551184263,0.8293147032423551,0.13957373910865628,0.10200224015988459,0.8129251700680272,0.8043456443195505,0.7735849056603774,0.8351063829787234,0.3843537414965986,0.4252869415850866
dual_head,cleveland,hungary,0,dlar_lcl,294,0.36054421768707484,0.8772079486150142,0.8289128594337892,0.13958918922532482,0.10838452784889407,0.8129251700680272,0.8043456443195505,0.7735849056603774,0.8351063829787234,0.3843537414965986,0.42508066321412724
dual_head,cleveland,hungary,1,dual_head_source_only,294,0.36054421768707484,0.8629566439181052,0.8271524861455541,0.14643325322559025,0.10970860728550523,0.8027210884353742,0.7943095142513048,0.7641509433962265,0.824468085106383,0.3877551020408163,0.4221589598601975
dual_head,cleveland,hungary,1,dlar_lcl,294,0.36054421768707484,0.8623042954636693,0.8273481044368405,0.14531617973618646,0.09200401847459828,0.8027210884353742,0.7943095142513048,0.7641509433962265,0.824468085106383,0.3877551020408163,0.41738134490794876
dual_head,cleveland,hungary,2,dual_head_source_only,294,0.36054421768707484,0.8608490566037736,0.8062005406854877,0.14083266406804293,0.06950508058071134,0.8061224489795918,0.7846246487354476,0.7075471698113207,0.8617021276595744,0.3435374149659864,0.4109760406268697
dual_head,cleveland,hungary,2,dlar_lcl,294,0.36054421768707484,0.8602468887996789,0.8053674397726344,0.1403794976217368,0.062055452720445825,0.8129251700680272,0.7899437976716178,0.7075471698113207,0.8723404255319149,0.336734693877551,0.4084786731927168
dual_head,cleveland,hungary,3,dual_head_source_only,294,0.36054421768707484,0.8614512244078681,0.8168268676870702,0.14452995604038282,0.10100881253578224,0.8129251700680272,0.7961160176635889,0.7358490566037735,0.8563829787234043,0.35714285714285715,0.45454213403317395
dual_head,cleveland,hungary,3,dlar_lcl,294,0.36054421768707484,0.8609995985547972,0.8166242190760155,0.1441008143332065,0.09863691072480207,0.8095238095238095,0.7913990365315134,0.7264150943396226,0.8563829787234043,0.35374149659863946,0.45184040687927585
dual_head,cleveland,hungary,4,dual_head_source_only,294,0.36054421768707484,0.8675732637494983,0.8187375835304529,0.14437468586668656,0.10463552293526074,0.8163265306122449,0.7946607788036932,0.7169811320754716,0.8723404255319149,0.3401360544217687,0.46385604918611295
dual_head,cleveland,hungary,4,dlar_lcl,294,0.36054421768707484,0.8674227217984745,0.8181241871714741,0.1441744722854935,0.10325900901134324,0.8163265306122449,0.7946607788036932,0.7169811320754716,0.8723404255319149,0.3401360544217687,0.46380322669841806
dual_head,cleveland,hungary,5,dual_head_source_only,294,0.36054421768707484,0.8500100361300683,0.8057623364428399,0.1623518654540434,0.14201217986085787,0.7993197278911565,0.7793054997992774,0.7075471698113207,0.851063829787234,0.35034013605442177,0.48506370019547795
dual_head,cleveland,hungary,5,dlar_lcl,294,0.36054421768707484,0.8496587715776797,0.8056441432749747,0.16095710977611666,0.13378093376451608,0.7993197278911565,0.7793054997992774,0.7075471698113207,0.851063829787234,0.35034013605442177,0.48268476736788846
dual_head,cleveland,hungary,6,dual_head_source_only,294,0.36054421768707484,0.8653653151344842,0.8289693505762374,0.1491972449400023,0.14630642355907533,0.8061224489795918,0.7928542753914091,0.7452830188679245,0.8404255319148937,0.3707482993197279,0.4314312554236983
dual_head,cleveland,hungary,6,dlar_lcl,294,0.36054421768707484,0.8652147731834605,0.8290650874695552,0.14823394754659364,0.14241222669782283,0.8027210884353742,0.7901947009233239,0.7452830188679245,0.8351063829787234,0.3741496598639456,0.4298142523941945
dual_head,cleveland,hungary,7,dual_head_source_only,294,0.36054421768707484,0.854124849458049,0.8196515943528918,0.14965576211356255,0.12048065852449864,0.8061224489795918,0.7907968687274187,0.7358490566037735,0.8457446808510638,0.36394557823129253,0.4452731502654196
dual_head,cleveland,hungary,7,dlar_lcl,294,0.36054421768707484,0.8539743075070252,0.8193075293442159,0.14823810135669802,0.11560119835495136,0.8061224489795918,0.7887394620634283,0.7264150943396226,0.851063829787234,0.35714285714285715,0.43961284492088826
dual_head,cleveland,hungary,8,dual_head_source_only,294,0.36054421768707484,0.8593938177438779,0.8195227373488584,0.1461975990896049,0.09030053836806698,0.7925170068027211,0.7801585708550782,0.7358490566037735,0.824468085106383,0.37755102040816324,0.43608042951293136
dual_head,cleveland,hungary,8,dlar_lcl,294,0.36054421768707484,0.8591429144921717,0.8194376877802104,0.1457984741637839,0.09127184737245647,0.7959183673469388,0.7828181453231633,0.7358490566037735,0.8297872340425532,0.3741496598639456,0.43283046195346886
dual_head,cleveland,hungary,9,dual_head_source_only,294,0.36054421768707484,0.8651144118827779,0.8255486954048843,0.14351558179502458,0.10263907032556274,0.7993197278911565,0.7834203131272581,0.7264150943396226,0.8404255319148937,0.36394557823129253,0.44480885327065073
dual_head,cleveland,hungary,9,dlar_lcl,294,0.36054421768707484,0.8642111601766359,0.8247247225258769,0.14322379824267653,0.1012713641536479,0.7993197278911565,0.7834203131272581,0.7264150943396226,0.8404255319148937,0.36394557823129253,0.443420408331618
dual_head,cleveland,switzerland,0,dual_head_source_only,123,0.9349593495934959,0.7880434782608695,0.9823289604156208,0.15647099759326152,0.27878112158155055,0.7723577235772358,0.6456521739130434,0.7913043478260869,0.5,0.7723577235772358,0.6572881379747778
dual_head,cleveland,switzerland,0,dlar_lcl,123,0.9349593495934959,0.7847826086956522,0.9821041143930258,0.15980998952758438,0.28049586156034856,0.7560975609756098,0.6369565217391304,0.7739130434782608,0.5,0.7560975609756098,0.6554804079658617
dual_head,cleveland,switzerland,1,dual_head_source_only,123,0.9349593495934959,0.7347826086956522,0.9773429007036403,0.18268610876611488,0.32479261073882026,0.7560975609756098,0.5788043478260869,0.782608695652174,0.375,0.7723577235772358,0.6101667388546758
dual_head,cleveland,switzerland,1,dlar_lcl,123,0.9349593495934959,0.7326086956521739,0.9770777287769112,0.1860587012370839,0.32645248447552444,0.7398373983739838,0.5701086956521739,0.7652173913043478,0.375,0.7560975609756098,0.6085068651179715
dual_head,cleveland,switzerland,2,dual_head_source_only,123,0.9349593495934959,0.7445652173913044,0.9787073658603191,0.18675910999966142,0.3136444790213089,0.7073170731707317,0.6108695652173913,0.7217391304347827,0.5,0.7073170731707317,0.6222472267785693
dual_head,cleveland,switzerland,2,dlar_lcl,123,0.9349593495934959,0.741304347826087,0.9783282885613238,0.1913289751083032,0.31573788961017035,0.7073170731707317,0.6108695652173913,0.7217391304347827,0.5,0.7073170731707317,0.6200591062263745
dual_head,cleveland,switzerland,3,dual_head_source_only,123,0.9349593495934959,0.7467391304347826,0.9783776467554138,0.1706950395420229,0.2812067467749603,0.6991869918699187,0.6065217391304347,0.7130434782608696,0.5,0.6991869918699187,0.6537526028185356
dual_head,cleveland,switzerland,3,dlar_lcl,123,0.9349593495934959,0.7456521739130435,0.978290008603605,0.17298365164521617,0.28097702792989526,0.7073170731707317,0.6690217391304347,0.7130434782608696,0.625,0.6910569105691057,0.6539823216636006
dual_head,cleveland,switzerland,4,dual_head_source_only,123,0.9349593495934959,0.75,0.9791919201770631,0.17512278476582513,0.29003355864102276,0.6910569105691057,0.6603260869565217,0.6956521739130435,0.625,0.6747967479674797,0.6479161816641568
dual_head,cleveland,switzerland,4,dlar_lcl,123,0.9349593495934959,0.7489130434782608,0.979049368502081,0.176564148885997,0.2889564747248239,0.6829268292682927,0.6559782608695652,0.6869565217391305,0.625,0.6666666666666666,0.6488925371228195
dual_head,cleveland,switzerland,5,dual_head_source_only,123,0.9349593495934959,0.7282608695652174,0.9764891595240046,0.1686537995627958,0.2993329609554958,0.7073170731707317,0.6108695652173913,0.7217391304347827,0.5,0.7073170731707317,0.6356263886380001
dual_head,cleveland,switzerland,5,dlar_lcl,123,0.9349593495934959,0.7293478260869566,0.9766271127578583,0.16936390604683021,0.2982844712772989,0.7073170731707317,0.6108695652173913,0.7217391304347827,0.5,0.7073170731707317,0.636674878316197
dual_head,cleveland,switzerland,6,dual_head_source_only,123,0.9349593495934959,0.7434782608695653,0.9776329602351171,0.18563179055890908,0.34096272544163037,0.7073170731707317,0.5527173913043478,0.7304347826086957,0.375,0.7235772357723578,0.5960593882615004
dual_head,cleveland,switzerland,6,dlar_lcl,123,0.9349593495934959,0.7423913043478261,0.9772837447125458,0.18616945605116292,0.3395886837951536,0.7073170731707317,0.5527173913043478,0.7304347826086957,0.375,0.7235772357723578,0.5973069529707838
dual_head,cleveland,switzerland,7,dual_head_source_only,123,0.9349593495934959,0.7304347826086957,0.9765643038014534,0.1856862896665868,0.3185720060899006,0.7235772357723578,0.6195652173913043,0.7391304347826086,0.5,0.7235772357723578,0.6179670444348964
dual_head,cleveland,switzerland,7,dlar_lcl,123,0.9349593495934959,0.7282608695652174,0.9764294124116295,0.18874363004965156,0.32000017832449784,0.7154471544715447,0.6152173913043478,0.7304347826086957,0.5,0.7154471544715447,0.6164299272667102
dual_head,cleveland,switzerland,8,dual_head_source_only,123,0.9349593495934959,0.7521739130434784,0.9786656227497915,0.15886492365438443,0.26587708161129214,0.7642276422764228,0.6413043478260869,0.782608695652174,0.5,0.7642276422764228,0.6697928917601825
dual_head,cleveland,switzerland,8,dlar_lcl,123,0.9349593495934959,0.7510869565217391,0.9785493816499837,0.16079245689431898,0.2649310667946087,0.7642276422764228,0.6413043478260869,0.782608695652174,0.5,0.7642276422764228,0.6706705765147519
dual_head,cleveland,switzerland,9,dual_head_source_only,123,0.9349593495934959,0.75,0.9787596983997977,0.16654895428337826,0.28228733343322104,0.7317073170731707,0.6820652173913043,0.7391304347826086,0.625,0.7154471544715447,0.6526720161602749
dual_head,cleveland,switzerland,9,dlar_lcl,123,0.9349593495934959,0.7478260869565218,0.9784881959971934,0.16757503631830076,0.2804936703627672,0.7317073170731707,0.6820652173913043,0.7391304347826086,0.625,0.7154471544715447,0.6544656792307287
dual_head,cleveland,va_long_beach,0,dual_head_source_only,200,0.745,0.7218712988551124,0.8708744874512337,0.18398231596959597,0.11601466193795203,0.76,0.6777207527306224,0.8456375838926175,0.5098039215686274,0.755,0.6410935670137405
dual_head,cleveland,va_long_beach,0,dlar_lcl,200,0.745,0.722266087643111,0.8703260164091657,0.18528362645296192,0.1133367758244276,0.745,0.6676536386366627,0.825503355704698,0.5098039215686274,0.74,0.639598207846284
dual_head,cleveland,va_long_beach,1,dual_head_source_only,200,0.745,0.7205553362284511,0.8814405236765197,0.18230926260217317,0.11316960707306861,0.73,0.6253454401894987,0.8389261744966443,0.4117647058823529,0.775,0.6318303929269313
dual_head,cleveland,va_long_beach,1,dlar_lcl,200,0.745,0.7210817212791157,0.8815784231010186,0.18324603294643232,0.11535511620342731,0.735,0.6351493617581261,0.8389261744966443,0.43137254901960786,0.77,0.6298069828003645
dual_head,cleveland,va_long_beach,2,dual_head_source_only,200,0.745,0.733451769969733,0.8862829941860186,0.17628585544485048,0.09625353977084161,0.735,0.6480457954994079,0.825503355704698,0.47058823529411764,0.75,0.6580917590856552
dual_head,cleveland,va_long_beach,2,dlar_lcl,200,0.745,0.7342413475457298,0.8864768839309249,0.17754678589571468,0.09943700514733786,0.725,0.6477826029740755,0.8053691275167785,0.49019607843137253,0.73,0.6550409174710512
dual_head,cleveland,va_long_beach,3,dual_head_source_only,200,0.745,0.7159494670351362,0.8801461234005016,0.18697998461052823,0.09840459510684013,0.68,0.6304776944334781,0.7315436241610739,0.5294117647058824,0.665,0.6575547309219837
dual_head,cleveland,va_long_beach,3,dlar_lcl,200,0.745,0.716739044611133,0.8806847070099992,0.1879748279751147,0.1038511863350868,0.68,0.6304776944334781,0.7315436241610739,0.5294117647058824,0.665,0.6575392286479473
dual_head,cleveland,va_long_beach,4,dual_head_source_only,200,0.745,0.7395051980523754,0.8877718165183021,0.17534562093464934,0.0940107810497284,0.74,0.6707461508093171,0.8120805369127517,0.5294117647058824,0.725,0.6753870767354965
dual_head,cleveland,va_long_beach,4,dlar_lcl,200,0.745,0.7397683905777076,0.887669288186775,0.1762870454788247,0.09729708880186083,0.735,0.6738386629819713,0.7986577181208053,0.5490196078431373,0.71,0.6732538822293281
dual_head,cleveland,va_long_beach,5,dual_head_source_only,200,0.745,0.7397683905777076,0.8849690202496626,0.17295877334946386,0.09428352504968647,0.73,0.6769311751546256,0.785234899328859,0.5686274509803921,0.695,0.6565965810418128
dual_head,cleveland,va_long_beach,5,dlar_lcl,200,0.745,0.7402947756283722,0.8851917847942707,0.17331276173329033,0.09030683726072311,0.735,0.6867350967232531,0.785234899328859,0.5882352941176471,0.69,0.6564425855875016
dual_head,cleveland,va_long_beach,6,dual_head_source_only,200,0.745,0.7192393736017897,0.8798725887304322,0.18739343128876573,0.13573315829038618,0.725,0.6606790367153572,0.7919463087248322,0.5294117647058824,0.71,0.6092668417096138
dual_head,cleveland,va_long_beach,6,dlar_lcl,200,0.745,0.7192393736017898,0.8799373340604753,0.18808954125870828,0.13690027423202986,0.72,0.6637715488880116,0.7785234899328859,0.5490196078431373,0.695,0.6080997257679701
dual_head,cleveland,va_long_beach,7,dual_head_source_only,200,0.745,0.7206869324911174,0.8815825345759091,0.18270682060481044,0.11033961929380892,0.705,0.6408080010527701,0.7718120805369127,0.5098039215686274,0.7,0.6385707431286574
dual_head,cleveland,va_long_beach,7,dlar_lcl,200,0.745,0.7197657586524543,0.8812832675540907,0.18384250588828452,0.11202645607292652,0.695,0.6405448085274379,0.7516778523489933,0.5294117647058824,0.68,0.6367165970057249
dual_head,cleveland,va_long_beach,8,dual_head_source_only,200,0.745,0.7252928016844322,0.8785010371748865,0.17730450891721555,0.08192826829850675,0.755,0.6550203974207133,0.8590604026845637,0.45098039215686275,0.78,0.6730094615370035
dual_head,cleveland,va_long_beach,8,dlar_lcl,200,0.745,0.7255559942097644,0.8785629879947231,0.1781633884790524,0.08280639491975308,0.75,0.6516646927227266,0.8523489932885906,0.45098039215686275,0.775,0.6714254186302423
dual_head,cleveland,va_long_beach,9,dual_head_source_only,200,0.745,0.7401631793657059,0.8838886778423672,0.17425251334399994,0.09292731769382954,0.76,0.6712725358599816,0.8523489932885906,0.49019607843137253,0.765,0.662409068569541
dual_head,cleveland,va_long_beach,9,dlar_lcl,200,0.745,0.7400315831030398,0.8838698927937024,0.17502552760048723,0.10799871616065501,0.765,0.681076457428609,0.8523489932885906,0.5098039215686274,0.76,0.6608923438936471
dual_head,hungary,cleveland,0,dual_head_source_only,303,0.45874587458745875,0.8712493419898227,0.8643130877964724,0.15006881331970753,0.1039579755353062,0.8052805280528053,0.794898227759256,0.6690647482014388,0.9207317073170732,0.34983498349834985,0.4043475908562295
dual_head,hungary,cleveland,0,dlar_lcl,303,0.45874587458745875,0.8709422705737848,0.8639674384854229,0.1496510439092477,0.10069448036132471,0.8052805280528053,0.794898227759256,0.6690647482014388,0.9207317073170732,0.34983498349834985,0.4027016939404774
dual_head,hungary,cleveland,1,dual_head_source_only,303,0.45874587458745875,0.8624320056150201,0.847182602007422,0.15855283337819046,0.09514159205132978,0.768976897689769,0.7564265660642218,0.60431654676259,0.9085365853658537,0.32673267326732675,0.37160876737569426
dual_head,hungary,cleveland,1,dlar_lcl,303,0.45874587458745875,0.8622565362344271,0.8472268649856785,0.15860248311813432,0.10825549369745523,0.7656765676567657,0.7528294437620635,0.5971223021582733,0.9085365853658537,0.3234323432343234,0.36860555709146037
dual_head,hungary,cleveland,2,dual_head_source_only,303,0.45874587458745875,0.8703281277417091,0.8663481581598853,0.1550050569416693,0.07995292841896366,0.7755775577557755,0.7619757852254782,0.5971223021582733,0.926829268292683,0.31353135313531355,0.3789815871481455
dual_head,hungary,cleveland,2,dlar_lcl,303,0.45874587458745875,0.8703719950868573,0.8660551617509565,0.15467894779222952,0.08269341221146853,0.7755775577557755,0.7619757852254782,0.5971223021582733,0.926829268292683,0.31353135313531355,0.37729550366944603
dual_head,hungary,cleveland,3,dual_head_source_only,303,0.45874587458745875,0.8666432707492544,0.8572101484201116,0.1499633291122064,0.07116225002819163,0.801980198019802,0.792946130900158,0.6834532374100719,0.9024390243902439,0.36633663366336633,0.43427813943266474
dual_head,hungary,cleveland,3,dlar_lcl,303,0.45874587458745875,0.8663800666783648,0.8580594189810099,0.14931123916633238,0.0699924556384779,0.8085808580858086,0.8001403755044745,0.697841726618705,0.9024390243902439,0.37293729372937295,0.43422830471209567
dual_head,hungary,cleveland,4,dual_head_source_only,303,0.45874587458745875,0.8614669240217583,0.8629657757683942,0.15352730644876086,0.06811504641381821,0.7887788778877888,0.7780092998771715,0.6474820143884892,0.9085365853658537,0.3465346534653465,0.45057140512041527
dual_head,hungary,cleveland,4,dlar_lcl,303,0.45874587458745875,0.8615546587120547,0.8633757792874693,0.1528059736588589,0.07221414861899396,0.7887788778877888,0.7785576416915249,0.6546762589928058,0.9024390243902439,0.35313531353135313,0.4523776628003262
dual_head,hungary,cleveland,5,dual_head_source_only,303,0.45874587458745875,0.8505000877346902,0.8503858447055704,0.16155754844484344,0.09333639653405733,0.801980198019802,0.792946130900158,0.6834532374100719,0.9024390243902439,0.36633663366336633,0.43432665426935696
dual_head,hungary,cleveland,5,dlar_lcl,303,0.45874587458745875,0.8505878224249869,0.8501186075874961,0.160715769886865,0.08571224332642632,0.7986798679867987,0.789897350412353,0.6834532374100719,0.8963414634146342,0.3696369636963696,0.43233398586609967
dual_head,hungary,cleveland,6,dual_head_source_only,303,0.45874587458745875,0.8670380768555888,0.8615771390911934,0.16997842522744652,0.121080912551274,0.7557755775577558,0.7381996841551148,0.5251798561151079,0.9512195121951219,0.26732673267326734,0.3436272973225455
dual_head,hungary,cleveland,6,dlar_lcl,303,0.45874587458745875,0.8670380768555888,0.8603073962223178,0.168869141222758,0.11996979989332725,0.7557755775577558,0.7381996841551148,0.5251798561151079,0.9512195121951219,0.26732673267326734,0.34394382400186146
dual_head,hungary,cleveland,7,dual_head_source_only,303,0.45874587458745875,0.8598438322512721,0.8516471254801533,0.15693590773711222,0.06701639614286202,0.7920792079207921,0.7810580803649763,0.6474820143884892,0.9146341463414634,0.3432343234323432,0.40920510568437796
dual_head,hungary,cleveland,7,dlar_lcl,303,0.45874587458745875,0.8595806281803825,0.8514716878544635,0.15664360106939929,0.06311718359737112,0.7854785478547854,0.7738638357606598,0.6330935251798561,0.9146341463414634,0.33663366336633666,0.4052758969538676
dual_head,hungary,cleveland,8,dual_head_source_only,303,0.45874587458745875,0.8701526583611159,0.8602739881487266,0.15113936761154706,0.07376157285848466,0.7920792079207921,0.780509738550623,0.6402877697841727,0.9207317073170732,0.33663366336633666,0.398740920124471
dual_head,hungary,cleveland,8,dlar_lcl,303,0.45874587458745875,0.8700649236708193,0.8605149953006055,0.15086550748879704,0.06835437066877638,0.7920792079207921,0.780509738550623,0.6402877697841727,0.9207317073170732,0.33663366336633666,0.3962653772567365
dual_head,hungary,cleveland,9,dual_head_source_only,303,0.45874587458745875,0.8737497806632742,0.8623740809133114,0.14954457997603415,0.06584778794459382,0.7920792079207921,0.7837997894367432,0.6834532374100719,0.8841463414634146,0.37623762376237624,0.43802992367606747
dual_head,hungary,cleveland,9,dlar_lcl,303,0.45874587458745875,0.8736620459729776,0.86257521678311,0.14844911558023344,0.06446318510341956,0.7986798679867987,0.7909940340410598,0.697841726618705,0.8841463414634146,0.38283828382838286,0.4410126548592407
dual_head,hungary,switzerland,0,dual_head_source_only,123,0.9349593495934959,0.7434782608695653,0.972975926103343,0.24816147402048647,0.4036765872705273,0.5853658536585366,0.6619565217391304,0.5739130434782609,0.75,0.5528455284552846,0.5312827623229686
dual_head,hungary,switzerland,0,dlar_lcl,123,0.9349593495934959,0.7456521739130435,0.9736582003508347,0.25236647055052164,0.4059386914823113,0.5772357723577236,0.6576086956521738,0.5652173913043478,0.75,0.5447154471544715,0.5290206581111846
dual_head,hungary,switzerland,1,dual_head_source_only,123,0.9349593495934959,0.7380434782608696,0.9757360132719219,0.2701896905311096,0.435927720755581,0.5691056910569106,0.6532608695652173,0.5565217391304348,0.75,0.5365853658536586,0.4998269897045159
dual_head,hungary,switzerland,1,dlar_lcl,123,0.9349593495934959,0.7402173913043478,0.9761763700166265,0.2747939473697303,0.4385081316397443,0.5609756097560976,0.6489130434782608,0.5478260869565217,0.75,0.5284552845528455,0.4971580128601896
dual_head,hungary,switzerland,2,dual_head_source_only,123,0.9349593495934959,0.7391304347826086,0.9753986053051787,0.2808376358229521,0.43936820098055085,0.5447154471544715,0.6402173913043478,0.5304347826086957,0.75,0.5121951219512195,0.49559114861294506
dual_head,hungary,switzerland,2,dlar_lcl,123,0.9349593495934959,0.7391304347826086,0.9756660070029097,0.2857221518249873,0.441687644800035,0.5447154471544715,0.6402173913043478,0.5304347826086957,0.75,0.5121951219512195,0.493271704793461
dual_head,hungary,switzerland,3,dual_head_source_only,123,0.9349593495934959,0.7293478260869566,0.9715138717577241,0.24968398219835308,0.39367969285666454,0.5772357723577236,0.6576086956521738,0.5652173913043478,0.75,0.5447154471544715,0.5412796567368313
dual_head,hungary,switzerland,3,dlar_lcl,123,0.9349593495934959,0.7239130434782608,0.9709710464034366,0.24901264336367734,0.3913223320027676,0.5853658536585366,0.6619565217391304,0.5739130434782609,0.75,0.5528455284552846,0.545250109480164
dual_head,hungary,switzerland,4,dual_head_source_only,123,0.9349593495934959,0.7793478260869565,0.9789860492855701,0.25775633017394217,0.4068997576227033,0.5528455284552846,0.7027173913043478,0.5304347826086957,0.875,0.5040650406504065,0.5280595919707927
dual_head,hungary,switzerland,4,dlar_lcl,123,0.9349593495934959,0.7782608695652173,0.979058401739495,0.2568012470057645,0.4026422424287331,0.5528455284552846,0.7027173913043478,0.5304347826086957,0.875,0.5040650406504065,0.5323171071647629
dual_head,hungary,switzerland,5,dual_head_source_only,123,0.9349593495934959,0.7434782608695653,0.9765810873458984,0.2366947942688754,0.39748216983748647,0.5853658536585366,0.6619565217391304,0.5739130434782609,0.75,0.5528455284552846,0.5374771797560095
dual_head,hungary,switzerland,5,dlar_lcl,123,0.9349593495934959,0.7434782608695653,0.9765810873458984,0.23815562860503547,0.3970791685387371,0.5853658536585366,0.6619565217391304,0.5739130434782609,0.75,0.5528455284552846,0.5378801810547589
dual_head,hungary,switzerland,6,dual_head_source_only,123,0.9349593495934959,0.7554347826086956,0.9786464649530635,0.2939839550530339,0.47572445857331036,0.5203252032520326,0.6853260869565218,0.4956521739130435,0.875,0.4715447154471545,0.46047984669363595
dual_head,hungary,switzerland,6,dlar_lcl,123,0.9349593495934959,0.7565217391304347,0.9788355008698877,0.29468847724756947,0.47533827311382065,0.5203252032520326,0.6853260869565218,0.4956521739130435,0.875,0.4715447154471545,0.46079611021086453
dual_head,hungary,switzerland,7,dual_head_source_only,123,0.9349593495934959,0.708695652173913,0.9714457738346449,0.2716257878838254,0.431727950650502,0.5284552845528455,0.6315217391304349,0.5130434782608696,0.75,0.4959349593495935,0.504642002223953
dual_head,hungary,switzerland,7,dlar_lcl,123,0.9349593495934959,0.7119565217391305,0.9724158621111293,0.2751478789787195,0.43344511182569867,0.5284552845528455,0.6315217391304349,0.5130434782608696,0.75,0.4959349593495935,0.5028332543930387
dual_head,hungary,switzerland,8,dual_head_source_only,123,0.9349593495934959,0.7380434782608696,0.9749845278614311,0.23285528963051735,0.3829094555562105,0.6178861788617886,0.621195652173913,0.6173913043478261,0.625,0.6016260162601627,0.5520498940372854
dual_head,hungary,switzerland,8,dlar_lcl,123,0.9349593495934959,0.7380434782608696,0.9751171653913289,0.23502926010766712,0.3821560601151087,0.6178861788617886,0.621195652173913,0.6173913043478261,0.625,0.6016260162601627,0.5528032894783873
dual_head,hungary,switzerland,9,dual_head_source_only,123,0.9349593495934959,0.7271739130434783,0.9724019186757826,0.24797847930702807,0.39827873430600985,0.5934959349593496,0.6081521739130435,0.591304347826087,0.625,0.5772357723577236,0.5366806152874861
dual_head,hungary,switzerland,9,dlar_lcl,123,0.9349593495934959,0.7260869565217392,0.9722572541659323,0.24795023185572618,0.3968125037788376,0.5934959349593496,0.6081521739130435,0.591304347826087,0.625,0.5772357723577236,0.5397302187312909
dual_head,hungary,va_long_beach,0,dual_head_source_only,200,0.745,0.739242005527043,0.8881526296672928,0.22016167537646783,0.21362483952194455,0.665,0.6784445321752862,0.6510067114093959,0.7058823529411765,0.56,0.5321283872053028
dual_head,hungary,va_long_beach,0,dlar_lcl,200,0.745,0.7398999868403737,0.8882553530452382,0.22311374088411043,0.21692030612379312,0.655,0.6717331227793131,0.6375838926174496,0.7058823529411765,0.55,0.5287804873660207
dual_head,hungary,va_long_beach,1,dual_head_source_only,200,0.745,0.726082379260429,0.882735001120097,0.22995674559680546,0.23366156257689,0.66,0.6815370443479405,0.6375838926174496,0.7254901960784313,0.545,0.5122185292094946
dual_head,hungary,va_long_beach,1,dlar_lcl,200,0.745,0.7266087643110937,0.8831931674702702,0.2325924038857151,0.2359907229244709,0.66,0.6815370443479405,0.6375838926174496,0.7254901960784313,0.545,0.5098225335776806
dual_head,hungary,va_long_beach,2,dual_head_source_only,200,0.745,0.7396367943150415,0.88817655833182,0.22963011162692765,0.23350594967603686,0.645,0.6779181471246216,0.610738255033557,0.7450980392156863,0.52,0.5124166298657655
dual_head,hungary,va_long_beach,2,dlar_lcl,200,0.745,0.7393736017897091,0.8881881950429281,0.23256476202554435,0.23588397774845363,0.64,0.681010659297276,0.5973154362416108,0.7647058823529411,0.505,0.5099793126061559
dual_head,hungary,va_long_beach,3,dual_head_source_only,200,0.745,0.7284511119884194,0.8862944508477294,0.22069284316896287,0.19382022328674792,0.65,0.6683774180813264,0.6308724832214765,0.7058823529411765,0.545,0.5517756169289351
dual_head,hungary,va_long_beach,3,dlar_lcl,200,0.745,0.7289774970390841,0.8861981641879817,0.22149731628752023,0.19106891199946405,0.65,0.6683774180813264,0.6308724832214765,0.7058823529411765,0.545,0.5539310880005359
dual_head,hungary,va_long_beach,4,dual_head_source_only,200,0.745,0.7333201737070667,0.8834286916449984,0.22100161734771526,0.19931906878948213,0.64,0.6874588761679168,0.5906040268456376,0.7843137254901961,0.495,0.5456809312105179
dual_head,hungary,va_long_beach,4,dlar_lcl,200,0.745,0.7339781550203974,0.8838112095130052,0.22349559517475867,0.20172981686890126,0.635,0.6841031714699303,0.5838926174496645,0.7843137254901961,0.49,0.5432701831310988
dual_head,hungary,va_long_beach,5,dual_head_source_only,200,0.745,0.7434530859323595,0.8860306522656628,0.20357823218141313,0.19148669451475142,0.675,0.6980523753125412,0.6510067114093959,0.7450980392156863,0.55,0.5553657002747059
dual_head,hungary,va_long_beach,5,dlar_lcl,200,0.745,0.7437162784576918,0.8861608054344328,0.20483275737720355,0.19231940209865567,0.675,0.6980523753125412,0.6510067114093959,0.7450980392156863,0.55,0.5544470128417015
dual_head,hungary,va_long_beach,6,dual_head_source_only,200,0.745,0.7223976839057771,0.8800852681994952,0.24978681618513585,0.280855380371213,0.605,0.6639689432820108,0.5436241610738255,0.7843137254901961,0.46,0.46512725062668325
dual_head,hungary,va_long_beach,6,dlar_lcl,200,0.745,0.7227924726937756,0.8800046481521758,0.25021897876218147,0.280358317643404,0.6,0.6541650217133833,0.5436241610738255,0.7647058823529411,0.465,0.4655750472843647
dual_head,hungary,va_long_beach,7,dual_head_source_only,200,0.745,0.7322674036057376,0.8855689257907566,0.22298200050969366,0.22066073052585122,0.64,0.6745624424266351,0.6040268456375839,0.7450980392156863,0.515,0.5243392694741488
dual_head,hungary,va_long_beach,7,dlar_lcl,200,0.745,0.7321358073430715,0.8854705429928695,0.22573433649365568,0.22372780822217467,0.645,0.6843663639952625,0.6040268456375839,0.7647058823529411,0.51,0.5212721917778254
dual_head,hungary,va_long_beach,8,dual_head_source_only,200,0.745,0.7347677325963943,0.8795408770129974,0.21574938552118855,0.19999686043709516,0.655,0.6588366890380313,0.6510067114093959,0.6666666666666666,0.57,0.5459668252244592
dual_head,hungary,va_long_beach,8,dlar_lcl,200,0.745,0.7341097512830635,0.8789278145655004,0.2189861021185057,0.20465982265770438,0.655,0.6588366890380313,0.6510067114093959,0.6666666666666666,0.57,0.5424385303258896
dual_head,hungary,va_long_beach,9,dual_head_source_only,200,0.745,0.7480589551256743,0.888830597817996,0.21288387234555664,0.1981634297966957,0.66,0.6944334780892223,0.6241610738255033,0.7647058823529411,0.525,0.5468365702033043
dual_head,hungary,va_long_beach,9,dlar_lcl,200,0.745,0.7484537439136728,0.889063319848841,0.2149646606716542,0.19920816183090218,0.66,0.6944334780892223,0.6241610738255033,0.7647058823529411,0.525,0.5457918381690979
dual_head,switzerland,cleveland,0,dual_head_source_only,303,0.45874587458745875,0.35743112826811724,0.3778984066929927,0.285256196579089,0.18727056932921454,0.45874587458745875,0.5,1.0,0.0,1.0,0.6352418515548455
dual_head,switzerland,cleveland,0,dlar_lcl,303,0.45874587458745875,0.34532374100719426,0.3721593887327589,0.28588438578212033,0.18586079791040705,0.45874587458745875,0.5,1.0,0.0,1.0,0.6350592622662535
dual_head,switzerland,cleveland,1,dual_head_source_only,303,0.45874587458745875,0.5933935778206703,0.5861724065777012,0.2645642487682987,0.14827119812320166,0.45874587458745875,0.5,1.0,0.0,1.0,0.6032328045014108
dual_head,switzerland,cleveland,1,dlar_lcl,303,0.45874587458745875,0.5909370064923671,0.5822239868094801,0.26487430828547665,0.1492659559737731,0.45874587458745875,0.5,1.0,0.0,1.0,0.6042655869679089
dual_head,switzerland,cleveland,2,dual_head_source_only,303,0.45874587458745875,0.6028250570275486,0.5582023627818596,0.2959632407972616,0.22730208485826803,0.45874587458745875,0.5,1.0,0.0,1.0,0.6860479594457267
dual_head,switzerland,cleveland,2,dlar_lcl,303,0.45874587458745875,0.6061151079136691,0.562675052105191,0.2954889558656678,0.22666852151600053,0.45874587458745875,0.5,1.0,0.0,1.0,0.6854143961034592
dual_head,switzerland,cleveland,3,dual_head_source_only,303,0.45874587458745875,0.6790226355500966,0.6639281209513564,0.3105798341684116,0.27535887205167964,0.45874587458745875,0.5,1.0,0.0,1.0,0.7335970747982314
dual_head,switzerland,cleveland,3,dlar_lcl,303,0.45874587458745875,0.6826197578522547,0.6677619570024094,0.30938075244137025,0.27417680158866903,0.45874587458745875,0.5,1.0,0.0,1.0,0.7324244820638852
dual_head,switzerland,cleveland,4,dual_head_source_only,303,0.45874587458745875,0.8389191086155466,0.8267128483062769,0.314875888915491,0.31607521976968245,0.45874587458745875,0.5,1.0,0.0,1.0,0.7721940501294907
dual_head,switzerland,cleveland,4,dlar_lcl,303,0.45874587458745875,0.8399280575539567,0.8290922201669049,0.31327653002345396,0.31459764423150044,0.45874587458745875,0.5,1.0,0.0,1.0,0.7707755984646258
dual_head,switzerland,cleveland,5,dual_head_source_only,303,0.45874587458745875,0.5002193367257414,0.4720688809686838,0.2937928669987328,0.2136184012535775,0.45874587458745875,0.5,1.0,0.0,1.0,0.6723642758410363
dual_head,switzerland,cleveland,5,dlar_lcl,303,0.45874587458745875,0.4944288471661694,0.4646361941328099,0.2932524460383611,0.21180861322793232,0.45874587458745875,0.5,1.0,0.0,1.0,0.6705544878153911
dual_head,switzerland,cleveland,6,dual_head_source_only,303,0.45874587458745875,0.3063256711703808,0.3664477025484529,0.37106546041136906,0.3366723491413758,0.45874587458745875,0.5,1.0,0.0,1.0,0.7854652516912706
dual_head,switzerland,cleveland,6,dlar_lcl,303,0.45874587458745875,0.2973767327601334,0.3617318355616034,0.37252877962534325,0.33951972872510605,0.45874587458745875,0.5,1.0,0.0,1.0,0.7862809213868068
dual_head,switzerland,cleveland,7,dual_head_source_only,303,0.45874587458745875,0.7695209685909808,0.7506732657424646,0.2910214555680595,0.2482272608838853,0.45874587458745875,0.5,1.0,0.0,1.0,0.6854332738583631
dual_head,switzerland,cleveland,7,dlar_lcl,303,0.45874587458745875,0.7806413405860677,0.7645198658547504,0.28953209632280646,0.2604936190170817,0.45874587458745875,0.5,1.0,0.0,1.0,0.6840224759806894
dual_head,switzerland,cleveland,8,dual_head_source_only,303,0.45874587458745875,0.40068433058431296,0.3981256545998646,0.2990855578450538,0.21963845326168704,0.45874587458745875,0.5,1.0,0.0,1.0,0.6703126267238025
dual_head,switzerland,cleveland,8,dlar_lcl,303,0.45874587458745875,0.39862256536234425,0.3972478474512413,0.29900558119849185,0.2150971368201102,0.45874587458745875,0.5,1.0,0.0,1.0,0.6696966274736738
dual_head,switzerland,cleveland,9,dual_head_source_only,303,0.45874587458745875,0.5818564660466747,0.57760651591298,0.2743091909407953,0.18806237611833576,0.45874587458745875,0.5,1.0,0.0,1.0,0.6345967548121714
dual_head,switzerland,cleveland,9,dlar_lcl,303,0.45874587458745875,0.5819003333918231,0.5796180755926998,0.2748392448887084,0.18698363807728577,0.45874587458745875,0.5,1.0,0.0,1.0,0.6366912142278338
dual_head,switzerland,hungary,0,dual_head_source_only,294,0.36054421768707484,0.46718185467683665,0.3486071931241167,0.30464943146681694,0.26908403107909123,0.36054421768707484,0.5,1.0,0.0,1.0,0.629628248766166
dual_head,switzerland,hungary,0,dlar_lcl,294,0.36054421768707484,0.45368325973504614,0.34281068315951996,0.3054864522477776,0.26944539863236094,0.36054421768707484,0.5,1.0,0.0,1.0,0.6299896163194358
dual_head,switzerland,hungary,1,dual_head_source_only,294,0.36054421768707484,0.6754817342432757,0.5855765733178304,0.2801466814571439,0.24074370459634425,0.36054421768707484,0.5,1.0,0.0,1.0,0.599270066639193
dual_head,switzerland,hungary,1,dlar_lcl,294,0.36054421768707484,0.6711661983139301,0.5799236989027958,0.28074095654425135,0.24220107810026933,0.36054421768707484,0.5,1.0,0.0,1.0,0.6007585991807536
dual_head,switzerland,hungary,2,dual_head_source_only,294,0.36054421768707484,0.6115264953833802,0.4626211436361359,0.32651401780676437,0.31560009028635866,0.36054421768707484,0.5,1.0,0.0,1.0,0.6761443079734335
dual_head,switzerland,hungary,2,dlar_lcl,294,0.36054421768707484,0.6103472501003613,0.4619444410751256,0.32635810045396707,0.3153423772377221,0.36054421768707484,0.5,1.0,0.0,1.0,0.675886594924797
dual_head,switzerland,hungary,3,dual_head_source_only,294,0.36054421768707484,0.7699217181854677,0.6159678513660845,0.3360643243376174,0.3521314924266063,0.36054421768707484,0.5,1.0,0.0,1.0,0.7126757101136811
dual_head,switzerland,hungary,3,dlar_lcl,294,0.36054421768707484,0.7727318346045765,0.6200175202721512,0.336331159456194,0.35334905171069975,0.36054421768707484,0.5,1.0,0.0,1.0,0.7138932693977745
dual_head,switzerland,hungary,4,dual_head_source_only,294,0.36054421768707484,0.8594941790445604,0.8081925275281813,0.3768400593774514,0.4218914036442633,0.36054421768707484,0.5,1.0,0.0,1.0,0.7801111731804958
dual_head,switzerland,hungary,4,dlar_lcl,294,0.36054421768707484,0.8617021276595745,0.8104389307475376,0.37462655914699994,0.42026867752983466,0.36054421768707484,0.5,1.0,0.0,1.0,0.7785504740111682
dual_head,switzerland,hungary,5,dual_head_source_only,294,0.36054421768707484,0.631172219991971,0.4542776662266594,0.32181971036713863,0.3079183373321482,0.36054421768707484,0.5,1.0,0.0,1.0,0.6684625550192229
dual_head,switzerland,hungary,5,dlar_lcl,294,0.36054421768707484,0.6180750702529105,0.43904439748440705,0.3222296723484608,0.3080764070254606,0.36054421768707484,0.5,1.0,0.0,1.0,0.6686206247125354
dual_head,switzerland,hungary,6,dual_head_source_only,294,0.36054421768707484,0.2939582496989161,0.2663983390913422,0.4143940559993794,0.412416131318021,0.36054421768707484,0.5,1.0,0.0,1.0,0.7729603490050958
dual_head,switzerland,hungary,6,dlar_lcl,294,0.36054421768707484,0.28402248093135285,0.2628126640923331,0.41499170532403973,0.41320702190301856,0.36054421768707484,0.5,1.0,0.0,1.0,0.772482804497894
dual_head,switzerland,hungary,7,dual_head_source_only,294,0.36054421768707484,0.8344038538739462,0.7536351528783615,0.3221551417605178,0.35551792139909705,0.36054421768707484,0.5,1.0,0.0,1.0,0.6786011887245438
dual_head,switzerland,hungary,7,dlar_lcl,294,0.36054421768707484,0.842884383781614,0.7692520418594648,0.3210896343267292,0.3545840723173959,0.36054421768707484,0.5,1.0,0.0,1.0,0.677880987018144
dual_head,switzerland,hungary,8,dual_head_source_only,294,0.36054421768707484,0.5021577679646728,0.3718294145596498,0.3369167901004901,0.3253176745508804,0.36054421768707484,0.5,1.0,0.0,1.0,0.6858618922379552
dual_head,switzerland,hungary,8,dlar_lcl,294,0.36054421768707484,0.4968386190285025,0.3667489338536517,0.3364804754897801,0.3242935071997091,0.36054421768707484,0.5,1.0,0.0,1.0,0.684837724886784
dual_head,switzerland,hungary,9,dual_head_source_only,294,0.36054421768707484,0.7476415094339622,0.6824141975523429,0.30353152375273756,0.31376713352138497,0.36054421768707484,0.5,1.0,0.0,1.0,0.6492892167195171
dual_head,switzerland,hungary,9,dlar_lcl,294,0.36054421768707484,0.7557205941388999,0.6934472684729055,0.30245664708467274,0.3192836135423102,0.36054421768707484,0.5,1.0,0.0,1.0,0.6490835673144074
dual_head,switzerland,va_long_beach,0,dual_head_source_only,200,0.745,0.4919726279773654,0.7305616038475807,0.20522632777422928,0.12189082413911814,0.745,0.5,1.0,0.0,1.0,0.6231091758608818
dual_head,switzerland,va_long_beach,0,dlar_lcl,200,0.745,0.49131464666403474,0.729460338524144,0.2050991412189797,0.12120653659105295,0.745,0.5,1.0,0.0,1.0,0.623793463408947
dual_head,switzerland,va_long_beach,1,dual_head_source_only,200,0.745,0.6264640084221609,0.8433112445937068,0.21113774678131797,0.15910863399505615,0.745,0.5,1.0,0.0,1.0,0.5858913660049438
dual_head,switzerland,va_long_beach,1,dlar_lcl,200,0.745,0.6251480457954994,0.84228435152712,0.21066596588516417,0.15803653210401536,0.745,0.5,1.0,0.0,1.0,0.5869634678959846
dual_head,switzerland,va_long_beach,2,dual_head_source_only,200,0.745,0.5921173838662982,0.8118108241533207,0.19011854378773127,0.05330072820186614,0.745,0.5,1.0,0.0,1.0,0.6916992717981338
dual_head,switzerland,va_long_beach,2,dlar_lcl,200,0.745,0.5906698249769706,0.810653102902676,0.19013588668995965,0.0534232899546623,0.745,0.5,1.0,0.0,1.0,0.6915767100453377
dual_head,switzerland,va_long_beach,3,dual_head_source_only,200,0.745,0.6746282405579682,0.8629625212470255,0.1815544627426145,0.06522034972906111,0.745,0.5,1.0,0.0,1.0,0.7156329241394996
dual_head,switzerland,va_long_beach,3,dlar_lcl,200,0.745,0.6785761284379525,0.8654544194764527,0.18110986678669136,0.06647372186183928,0.745,0.5,1.0,0.0,1.0,0.7170453900098801
dual_head,switzerland,va_long_beach,4,dual_head_source_only,200,0.745,0.7039742071325175,0.8747991124825261,0.18521749627990874,0.08327105522155762,0.745,0.5,1.0,0.0,1.0,0.8185141187906265
dual_head,switzerland,va_long_beach,4,dlar_lcl,200,0.745,0.7043689959205159,0.8751227766464393,0.18489196859983692,0.08379747182130813,0.745,0.5,1.0,0.0,1.0,0.8182876017689705
dual_head,switzerland,va_long_beach,5,dual_head_source_only,200,0.745,0.6125148045795499,0.7945273161777715,0.19235083108564838,0.06816265434026719,0.745,0.5,1.0,0.0,1.0,0.6768373456597329
dual_head,switzerland,va_long_beach,5,dlar_lcl,200,0.745,0.6183050401368602,0.7973065782564202,0.1920700676687602,0.06812458187341695,0.745,0.5,1.0,0.0,1.0,0.6768754181265831
dual_head,switzerland,va_long_beach,6,dual_head_source_only,200,0.745,0.5069746019213054,0.7392778274203031,0.19098153165997772,0.041508371233940106,0.745,0.5,1.0,0.0,1.0,0.7564042657613754
dual_head,switzerland,va_long_beach,6,dlar_lcl,200,0.745,0.5050006579813133,0.7374301789308466,0.191117216553872,0.04985323935747152,0.745,0.5,1.0,0.0,1.0,0.7577628228068352
dual_head,switzerland,va_long_beach,7,dual_head_source_only,200,0.745,0.7192393736017897,0.8717278714861528,0.18734930469905628,0.05259979486465454,0.745,0.5,1.0,0.0,1.0,0.6924002051353455
dual_head,switzerland,va_long_beach,7,dlar_lcl,200,0.745,0.7202921437031189,0.8734946491218327,0.18708112978420133,0.05173406511545186,0.745,0.5,1.0,0.0,1.0,0.6932659348845482
dual_head,switzerland,va_long_beach,8,dual_head_source_only,200,0.745,0.563824187393078,0.7970068356036606,0.19372707746391968,0.07360017865896218,0.745,0.5,1.0,0.0,1.0,0.6713998213410377
dual_head,switzerland,va_long_beach,8,dlar_lcl,200,0.745,0.5663245163837346,0.7987403127643484,0.19358337175308646,0.07373633384704584,0.745,0.5,1.0,0.0,1.0,0.6712636661529541
dual_head,switzerland,va_long_beach,9,dual_head_source_only,200,0.745,0.6446242926700881,0.8330305894784943,0.19520177130169244,0.10271121025085449,0.745,0.5,1.0,0.0,1.0,0.643053308725357
dual_head,switzerland,va_long_beach,9,dlar_lcl,200,0.745,0.6492301618634032,0.8350176063253205,0.19455728143474033,0.11145544767379754,0.745,0.5,1.0,0.0,1.0,0.6441560167074204
dual_head,va_long_beach,cleveland,0,dual_head_source_only,303,0.45874587458745875,0.8145727320582558,0.801029823935356,0.2852417034155083,0.26668428607506334,0.45874587458745875,0.5,1.0,0.0,1.0,0.70869380904503
dual_head,va_long_beach,cleveland,0,dlar_lcl,303,0.45874587458745875,0.8176434462186348,0.8041494192008222,0.2823074264790591,0.26613350040448386,0.45874587458745875,0.5,1.0,0.0,1.0,0.7058160068965195
dual_head,va_long_beach,cleveland,1,dual_head_source_only,303,0.45874587458745875,0.822161782768907,0.8108736056568704,0.25585831759166944,0.25078010893497527,0.45874587458745875,0.5,1.0,0.0,1.0,0.6483797836225025
dual_head,va_long_beach,cleveland,1,dlar_lcl,303,0.45874587458745875,0.8253640989647306,0.8136868773557216,0.2541550283203426,0.24860240897723154,0.45874587458745875,0.5,1.0,0.0,1.0,0.6470038235777675
dual_head,va_long_beach,cleveland,2,dual_head_source_only,303,0.45874587458745875,0.7897438147043341,0.7833243701066703,0.28570734682850185,0.27022443667496787,0.45874587458745875,0.5,1.0,0.0,1.0,0.7082170952271314
dual_head,va_long_beach,cleveland,2,dlar_lcl,303,0.45874587458745875,0.7927706615195649,0.7854379643907163,0.28427121228788177,0.2728196642186382,0.45874587458745875,0.5,1.0,0.0,1.0,0.7073780581502631
dual_head,va_long_beach,cleveland,3,dual_head_source_only,303,0.45874587458745875,0.8038690998420776,0.7875667974639113,0.26463896958570476,0.23669635639725736,0.45874587458745875,0.5,1.0,0.0,1.0,0.6883975643135927
dual_head,va_long_beach,cleveland,3,dlar_lcl,303,0.45874587458745875,0.8064134058606772,0.7899348980857104,0.2627825482335705,0.2374242371064995,0.45874587458745875,0.5,1.0,0.0,1.0,0.6873206899504457
dual_head,va_long_beach,cleveland,4,dual_head_source_only,303,0.45874587458745875,0.846069485874715,0.8306010028357803,0.24551027796783637,0.25787958020817714,0.45874587458745875,0.5,1.0,0.0,1.0,0.6568464430251925
dual_head,va_long_beach,cleveland,4,dlar_lcl,303,0.45874587458745875,0.8456308124232321,0.8296823662527234,0.24452484971829214,0.2559718792588011,0.45874587458745875,0.5,1.0,0.0,1.0,0.6570318632393387
dual_head,va_long_beach,cleveland,5,dual_head_source_only,303,0.45874587458745875,0.7959291103702404,0.761605258861428,0.27018276004115716,0.25274978199414294,0.45874587458745875,0.5,1.0,0.0,1.0,0.6739437987308691
dual_head,va_long_beach,cleveland,5,dlar_lcl,303,0.45874587458745875,0.7969380593086506,0.7660649521456706,0.2690965749139435,0.2548749368182897,0.45874587458745875,0.5,1.0,0.0,1.0,0.6736424996121095
dual_head,va_long_beach,cleveland,6,dual_head_source_only,303,0.45874587458745875,0.7075802772416213,0.6502807908971925,0.3000137230995672,0.2567866645237007,0.45874587458745875,0.5,1.0,0.0,1.0,0.7155325391111594
dual_head,va_long_beach,cleveland,6,dlar_lcl,303,0.45874587458745875,0.7119231444113002,0.6532537878506754,0.2984061562712099,0.25501327152692843,0.45874587458745875,0.5,1.0,0.0,1.0,0.7137591461143872
dual_head,va_long_beach,cleveland,7,dual_head_source_only,303,0.45874587458745875,0.8201438848920863,0.8169558772181384,0.2791280668981971,0.24874727344355568,0.45874587458745875,0.5,1.0,0.0,1.0,0.6981094093999454
dual_head,va_long_beach,cleveland,7,dlar_lcl,303,0.45874587458745875,0.8215915072819792,0.8180105329492149,0.2776348237996915,0.2487893222582222,0.45874587458745875,0.5,1.0,0.0,1.0,0.6971711246880761
dual_head,va_long_beach,cleveland,8,dual_head_source_only,303,0.45874587458745875,0.7946130900157922,0.775058468623585,0.27585164684201685,0.24439889526996675,0.45874587458745875,0.5,1.0,0.0,1.0,0.697419002111202
dual_head,va_long_beach,cleveland,8,dlar_lcl,303,0.45874587458745875,0.7975522021407264,0.7761890265647804,0.2747316523194806,0.24648745953053136,0.45874587458745875,0.5,1.0,0.0,1.0,0.6975000111183317
dual_head,va_long_beach,cleveland,9,dual_head_source_only,303,0.45874587458745875,0.7638620810668538,0.7403577594809795,0.2735895147831291,0.237292740211235,0.45874587458745875,0.5,1.0,0.0,1.0,0.6929211384392414
dual_head,va_long_beach,cleveland,9,dlar_lcl,303,0.45874587458745875,0.7658799789436743,0.74186146870142,0.27277283299344707,0.23793389045759394,0.45874587458745875,0.5,1.0,0.0,1.0,0.6929813684409994
dual_head,va_long_beach,hungary,0,dual_head_source_only,294,0.36054421768707484,0.8941690084303492,0.8380184755622099,0.2979523602519749,0.34710889993881694,0.36054421768707484,0.5,1.0,0.0,1.0,0.676469415831728
dual_head,va_long_beach,hungary,0,dlar_lcl,294,0.36054421768707484,0.8949718988358089,0.837854181523053,0.29505607471182,0.35154022367633125,0.36054421768707484,0.5,1.0,0.0,1.0,0.6742316731790297
dual_head,va_long_beach,hungary,1,dual_head_source_only,294,0.36054421768707484,0.8421818546768367,0.8046469582871865,0.2779611241308477,0.33188833407804263,0.36054421768707484,0.5,1.0,0.0,1.0,0.6385481221740749
dual_head,va_long_beach,hungary,1,dlar_lcl,294,0.36054421768707484,0.8429847450822964,0.8049232025911129,0.2762023023874383,0.33194755068441634,0.36054421768707484,0.5,1.0,0.0,1.0,0.6373340092143234
dual_head,va_long_beach,hungary,2,dual_head_source_only,294,0.36054421768707484,0.8631573665194701,0.7671350631936769,0.3060480165585885,0.3334300297052682,0.36054421768707484,0.5,1.0,0.0,1.0,0.6777523851313558
dual_head,va_long_beach,hungary,2,dlar_lcl,294,0.36054421768707484,0.8647631473303894,0.7696788570319102,0.30506072237655973,0.33151232912426903,0.36054421768707484,0.5,1.0,0.0,1.0,0.6776311835464166
dual_head,va_long_beach,hungary,3,dual_head_source_only,294,0.36054421768707484,0.8725411481332798,0.8084284872993361,0.2646131795885834,0.3153443320267865,0.36054421768707484,0.5,1.0,0.0,1.0,0.639724947562834
dual_head,va_long_beach,hungary,3,dlar_lcl,294,0.36054421768707484,0.8740465676435167,0.8096077088154817,0.2628742817588586,0.31009011690308447,0.36054421768707484,0.5,1.0,0.0,1.0,0.639421885110894
dual_head,va_long_beach,hungary,4,dual_head_source_only,294,0.36054421768707484,0.8751505419510237,0.8166202486277083,0.26457644399111097,0.32231197044962934,0.36054421768707484,0.5,1.0,0.0,1.0,0.6377097244570855
dual_head,va_long_beach,hungary,4,dlar_lcl,294,0.36054421768707484,0.8758028904054597,0.8168029820853595,0.263264806077876,0.3202311368215652,0.36054421768707484,0.5,1.0,0.0,1.0,0.6376911511226576
dual_head,va_long_beach,hungary,5,dual_head_source_only,294,0.36054421768707484,0.8311922922521076,0.7361956740732092,0.29081994040499826,0.3202368290651412,0.36054421768707484,0.5,1.0,0.0,1.0,0.6529562195547584
dual_head,va_long_beach,hungary,5,dlar_lcl,294,0.36054421768707484,0.8308912083500601,0.7355401810079556,0.2894078277130067,0.3223304138297126,0.36054421768707484,0.5,1.0,0.0,1.0,0.6519737387595533
dual_head,va_long_beach,hungary,6,dual_head_source_only,294,0.36054421768707484,0.7723303894018466,0.6609492656505053,0.321108950069137,0.3282420333145428,0.36054421768707484,0.5,1.0,0.0,1.0,0.6887862510016175
dual_head,va_long_beach,hungary,6,dlar_lcl,294,0.36054421768707484,0.7757426736250501,0.6647438488832069,0.3194661903933826,0.3271295841859311,0.36054421768707484,0.5,1.0,0.0,1.0,0.687673801873006
dual_head,va_long_beach,hungary,7,dual_head_source_only,294,0.36054421768707484,0.8809714973906061,0.8220036069092667,0.29837998110325514,0.3443939637164681,0.36054421768707484,0.5,1.0,0.0,1.0,0.6738207595688956
dual_head,va_long_beach,hungary,7,dlar_lcl,294,0.36054421768707484,0.8803191489361702,0.8217123623875786,0.2968509534327595,0.3444744962818769,0.36054421768707484,0.5,1.0,0.0,1.0,0.6728905372473658
dual_head,va_long_beach,hungary,8,dual_head_source_only,294,0.36054421768707484,0.8588920112404658,0.8021777794822862,0.3079016134843933,0.3469511432712581,0.36054421768707484,0.5,1.0,0.0,1.0,0.6936504658387632
dual_head,va_long_beach,hungary,8,dlar_lcl,294,0.36054421768707484,0.86029706945002,0.8033855980805413,0.30665590264329023,0.342237918758068,0.36054421768707484,0.5,1.0,0.0,1.0,0.6936987433709255
dual_head,va_long_beach,hungary,9,dual_head_source_only,294,0.36054421768707484,0.8446407065435567,0.7961563526287494,0.2922972993079138,0.32630204363745086,0.36054421768707484,0.5,1.0,0.0,1.0,0.6772852213609786
dual_head,va_long_beach,hungary,9,dlar_lcl,294,0.36054421768707484,0.8456945002007226,0.7977257086180874,0.2907022433648271,0.3275825772561184,0.36054421768707484,0.5,1.0,0.0,1.0,0.6765212349745692
dual_head,va_long_beach,switzerland,0,dual_head_source_only,123,0.9349593495934959,0.7108695652173913,0.9656478860607456,0.09920021360305233,0.20471412088812854,0.9349593495934959,0.5,1.0,0.0,1.0,0.7302452287053675
dual_head,va_long_beach,switzerland,0,dlar_lcl,123,0.9349593495934959,0.7152173913043478,0.9667613586486324,0.09881574058220849,0.20393035033854037,0.9349593495934959,0.5,1.0,0.0,1.0,0.7310289992549555
dual_head,va_long_beach,switzerland,1,dual_head_source_only,123,0.9349593495934959,0.7391304347826086,0.9729180403015689,0.13908069196715678,0.28382053753224823,0.9349593495934959,0.5,1.0,0.0,1.0,0.6511388120612478
dual_head,va_long_beach,switzerland,1,dlar_lcl,123,0.9349593495934959,0.7347826086956522,0.9726233404353917,0.13862443961660112,0.282941900617708,0.9349593495934959,0.5,1.0,0.0,1.0,0.652017448975788
dual_head,va_long_beach,switzerland,2,dual_head_source_only,123,0.9349593495934959,0.7,0.9594714101261915,0.10200347597651241,0.20822254865150153,0.9349593495934959,0.5,1.0,0.0,1.0,0.7267368009419946
dual_head,va_long_beach,switzerland,2,dlar_lcl,123,0.9349593495934959,0.7021739130434782,0.9615842489510825,0.10167431179262142,0.2074224498213791,0.9349593495934959,0.5,1.0,0.0,1.0,0.7275368997721168
dual_head,va_long_beach,switzerland,3,dual_head_source_only,123,0.9349593495934959,0.7173913043478262,0.9686964665598683,0.11531854380900157,0.23669071604565883,0.9349593495934959,0.5,1.0,0.0,1.0,0.6982686335478372
dual_head,va_long_beach,switzerland,3,dlar_lcl,123,0.9349593495934959,0.7173913043478262,0.9686964665598683,0.11448486487049818,0.23455903539812667,0.9349593495934959,0.5,1.0,0.0,1.0,0.7004003141953693
dual_head,va_long_beach,switzerland,4,dual_head_source_only,123,0.9349593495934959,0.6652173913043478,0.9629943565943737,0.12143344499708085,0.2449044236322729,0.9349593495934959,0.5,1.0,0.0,1.0,0.6900549259612231
dual_head,va_long_beach,switzerland,4,dlar_lcl,123,0.9349593495934959,0.6630434782608696,0.963018154922189,0.12088208739649071,0.2432466779297929,0.9349593495934959,0.5,1.0,0.0,1.0,0.691712671663703
dual_head,va_long_beach,switzerland,5,dual_head_source_only,123,0.9349593495934959,0.6717391304347826,0.9627388731106143,0.1152866155501599,0.2345839796996698,0.9349593495934959,0.5,1.0,0.0,1.0,0.7003753698938261
dual_head,va_long_beach,switzerland,5,dlar_lcl,123,0.9349593495934959,0.6728260869565218,0.963100281655667,0.11497894081675243,0.2337446968729902,0.9349593495934959,0.5,1.0,0.0,1.0,0.7012146527205056
dual_head,va_long_beach,switzerland,6,dual_head_source_only,123,0.9349593495934959,0.608695652173913,0.9419687537258272,0.10846035621183375,0.21637995601669563,0.9349593495934959,0.5,1.0,0.0,1.0,0.7185793935768003
dual_head,va_long_beach,switzerland,6,dlar_lcl,123,0.9349593495934959,0.6108695652173913,0.9423423886668306,0.10842849840737978,0.22323307613047158,0.9349593495934959,0.5,1.0,0.0,1.0,0.7189505172938835
dual_head,va_long_beach,switzerland,7,dual_head_source_only,123,0.9349593495934959,0.7173913043478262,0.9674628008613817,0.10534236623446512,0.21683084189407226,0.9349593495934959,0.5,1.0,0.0,1.0,0.7181285076994237
dual_head,va_long_beach,switzerland,7,dlar_lcl,123,0.9349593495934959,0.717391304347826,0.967951565124212,0.1052952751670446,0.21667943591994,0.9349593495934959,0.5,1.0,0.0,1.0,0.7182799136735559
dual_head,va_long_beach,switzerland,8,dual_head_source_only,123,0.9349593495934959,0.7358695652173913,0.9710698743559353,0.0929509898246262,0.187696514575462,0.9349593495934959,0.5,1.0,0.0,1.0,0.7472628350180339
dual_head,va_long_beach,switzerland,8,dlar_lcl,123,0.9349593495934959,0.7336956521739131,0.9706499722927415,0.09250423450674686,0.18642687070660474,0.9349593495934959,0.5,1.0,0.0,1.0,0.7485324788868912
dual_head,va_long_beach,switzerland,9,dual_head_source_only,123,0.9349593495934959,0.6880434782608695,0.9660526803797909,0.1061456302312803,0.21376311488267846,0.9349593495934959,0.5,1.0,0.0,1.0,0.7211962347108174
dual_head,va_long_beach,switzerland,9,dlar_lcl,123,0.9349593495934959,0.6869565217391305,0.9658896620506043,0.10593333495695767,0.21295767731782864,0.9349593495934959,0.5,1.0,0.0,1.0,0.7220016722756673
