source,target,seed,method,delta_roc_auc,negative_adaptation_auc,brier_improvement,brier_worsened,expected_negative_adaptation_auc,negative_adaptation_flag_match,expected_brier_worsened,brier_worsened_flag_match,effect_tolerance
cleveland,hungary,0,pseudo_label_sfda,-0.0012545162585309,True,-0.0019308130749941,True,True,True,True,True,1e-08
cleveland,hungary,0,entropy_sfda,-0.0019068647129667,True,7.904717717244214e-05,False,True,True,False,True,1e-08
cleveland,hungary,0,reliability_gated_sfda,-0.0003010839020474,True,-9.317029324742988e-05,True,True,True,True,True,1e-08
cleveland,hungary,0,conservative_candidate,-0.0004516258530711,True,0.0004588896905788,False,True,True,False,True,1e-08
cleveland,hungary,1,pseudo_label_sfda,-0.0013046969088716,True,-0.0026549234704622,True,True,True,True,True,1e-08
cleveland,hungary,1,entropy_sfda,-0.0025592131674023,True,-0.00095987984492,True,True,True,True,True,1e-08
cleveland,hungary,1,reliability_gated_sfda,-0.0003010839020471,True,-0.0002611889900372,True,True,True,True,True,1e-08
cleveland,hungary,1,conservative_candidate,-0.0006021678040945,True,0.0003172963927068,False,True,True,False,True,1e-08
cleveland,hungary,2,pseudo_label_sfda,0.0002509032517061,False,-0.0003253180518518,True,False,True,True,True,1e-08
cleveland,hungary,2,entropy_sfda,-0.0012043356081894,True,0.0014385285833947,False,True,True,False,True,1e-08
cleveland,hungary,2,reliability_gated_sfda,-0.0003512645523885,True,-0.0001339820626068,True,True,True,True,True,1e-08
cleveland,hungary,2,conservative_candidate,-0.0006523484544358,True,0.0001517784333843,False,True,True,False,True,1e-08
cleveland,hungary,3,pseudo_label_sfda,-0.002207948615014,True,0.0001233557192206,False,True,True,False,True,1e-08
cleveland,hungary,3,entropy_sfda,-0.0033621035728622,True,0.0008369759961658,False,True,True,False,True,1e-08
cleveland,hungary,3,reliability_gated_sfda,-0.0002509032517061,True,-0.0002785947511854,True,True,True,True,True,1e-08
cleveland,hungary,3,conservative_candidate,-0.0004014452027297,True,-1.5523895715935376e-05,True,True,True,True,True,1e-08
cleveland,hungary,4,pseudo_label_sfda,0.0009534323564832,False,-0.0011794893848123,True,False,True,True,True,1e-08
cleveland,hungary,4,entropy_sfda,-0.000652348454436,True,0.0008918324528015,False,True,True,False,True,1e-08
cleveland,hungary,4,reliability_gated_sfda,-5.018065034123609e-05,True,-0.0003710174986218,True,True,True,True,True,1e-08
cleveland,hungary,4,conservative_candidate,5.018065034123609e-05,False,0.00027828861686,False,False,True,False,True,1e-08
cleveland,hungary,5,pseudo_label_sfda,-0.0008028904054596,True,0.0006794908873584,False,True,True,False,True,1e-08
cleveland,hungary,5,entropy_sfda,-0.0016559614612605,True,0.0037748020664882,False,True,True,False,True,1e-08
cleveland,hungary,5,reliability_gated_sfda,-5.018065034134711e-05,True,-0.0001883351603813,True,True,True,True,True,1e-08
cleveland,hungary,5,conservative_candidate,5.018065034123609e-05,False,0.0001961471137773,False,False,True,False,True,1e-08
cleveland,hungary,6,pseudo_label_sfda,-0.0001505419510237,True,0.001896056629278,False,True,True,False,True,1e-08
cleveland,hungary,6,entropy_sfda,-0.0005018065034122,True,0.0028454655400471,False,True,True,False,True,1e-08
cleveland,hungary,6,reliability_gated_sfda,0.0001003613006825,False,2.665872370552491e-05,False,False,True,False,True,1e-08
cleveland,hungary,6,conservative_candidate,0.0002509032517061,False,0.0003959466249034,False,False,True,False,True,1e-08
cleveland,hungary,7,pseudo_label_sfda,-0.000702529104777,True,0.0011637729929613,False,True,True,False,True,1e-08
cleveland,hungary,7,entropy_sfda,-0.0014552388598956,True,0.0021799762367915,False,True,True,False,True,1e-08
cleveland,hungary,7,reliability_gated_sfda,-0.0003010839020475,True,-0.0003803719496586,True,True,True,True,True,1e-08
cleveland,hungary,7,conservative_candidate,1.1102230246251563e-16,False,0.0001159999760398,False,False,True,False,True,1e-08
cleveland,hungary,8,pseudo_label_sfda,0.0,False,-0.0002069471047707,True,False,True,True,True,1e-08
cleveland,hungary,8,entropy_sfda,-0.0010537936571658,True,0.001675158373767,False,True,True,False,True,1e-08
cleveland,hungary,8,reliability_gated_sfda,5.018065034123609e-05,False,-0.0002301649839628,True,False,True,True,True,1e-08
cleveland,hungary,8,conservative_candidate,-0.0001505419510237,True,0.0002101564141897,False,True,True,False,True,1e-08
cleveland,hungary,9,pseudo_label_sfda,-0.0008028904054596,True,8.058680578476585e-05,False,True,True,False,True,1e-08
cleveland,hungary,9,entropy_sfda,-0.0012043356081896,True,0.0020986942246852,False,True,True,False,True,1e-08
cleveland,hungary,9,reliability_gated_sfda,-1.1102230246251563e-16,False,-0.0001166461516353,True,False,True,True,True,1e-08
cleveland,hungary,9,conservative_candidate,0.0001003613006822,False,0.0005035970600663,False,False,True,False,True,1e-08
cleveland,switzerland,0,pseudo_label_sfda,-1.1102230246251563e-16,False,0.0071892279648743,False,False,True,False,True,1e-08
cleveland,switzerland,0,entropy_sfda,-0.0021739130434782,True,0.0107099927495951,False,True,True,False,True,1e-08
cleveland,switzerland,0,reliability_gated_sfda,0.0010869565217391,False,-0.003159420674857,True,False,True,True,True,1e-08
cleveland,switzerland,0,conservative_candidate,0.0,False,0.0013585683449945,False,False,True,False,True,1e-08
cleveland,switzerland,1,pseudo_label_sfda,-0.0010869565217391,True,0.008936391668582,False,True,True,False,True,1e-08
cleveland,switzerland,1,entropy_sfda,-0.0032608695652173,True,0.0133214061290541,False,True,True,False,True,1e-08
cleveland,switzerland,1,reliability_gated_sfda,-0.0032608695652173,True,-0.0023067941465844,True,True,True,True,True,1e-08
cleveland,switzerland,1,conservative_candidate,-0.0032608695652173,True,0.0011465343114272,False,True,True,False,True,1e-08
cleveland,switzerland,2,pseudo_label_sfda,-0.0032608695652174,True,0.0039472030090806,False,True,True,False,True,1e-08
cleveland,switzerland,2,entropy_sfda,0.0032608695652173,False,0.0106252437151266,False,False,True,False,True,1e-08
cleveland,switzerland,2,reliability_gated_sfda,0.0021739130434782,False,-0.0033333729295726,True,False,True,True,True,1e-08
cleveland,switzerland,2,conservative_candidate,0.0,False,0.0020115885006312,False,False,True,False,True,1e-08
cleveland,switzerland,3,pseudo_label_sfda,0.0,False,0.0063785935980709,False,False,True,False,True,1e-08
cleveland,switzerland,3,entropy_sfda,0.0021739130434783,False,0.0062789242240888,False,False,True,False,True,1e-08
cleveland,switzerland,3,reliability_gated_sfda,0.0,False,-0.0029686019723784,True,False,True,True,True,1e-08
cleveland,switzerland,3,conservative_candidate,0.0,False,0.0019635931759043,False,False,True,False,True,1e-08
cleveland,switzerland,4,pseudo_label_sfda,0.0010869565217391,False,0.0134936888345623,False,False,True,False,True,1e-08
cleveland,switzerland,4,entropy_sfda,0.0021739130434783,False,0.0124390783268766,False,False,True,False,True,1e-08
cleveland,switzerland,4,reliability_gated_sfda,-0.001086956521739,True,-0.0026694250548355,True,True,True,True,True,1e-08
cleveland,switzerland,4,conservative_candidate,0.0,False,0.0022142244405539,False,False,True,False,True,1e-08
cleveland,switzerland,5,pseudo_label_sfda,0.0021739130434782,False,0.0060604320755085,False,False,True,False,True,1e-08
cleveland,switzerland,5,entropy_sfda,0.0021739130434782,False,0.0050048138409938,False,False,True,False,True,1e-08
cleveland,switzerland,5,reliability_gated_sfda,-0.0010869565217391,True,-0.0022567104790213,True,True,True,True,True,1e-08
cleveland,switzerland,5,conservative_candidate,0.0,False,0.0014134611211934,False,False,True,False,True,1e-08
cleveland,switzerland,6,pseudo_label_sfda,-0.0054347826086955,True,0.0007279825287379,False,True,True,False,True,1e-08
cleveland,switzerland,6,entropy_sfda,-0.0043478260869564,True,0.0040047940427223,False,True,True,False,True,1e-08
cleveland,switzerland,6,reliability_gated_sfda,-0.0032608695652174,True,-0.0031114060881854,True,True,True,True,True,1e-08
cleveland,switzerland,6,conservative_candidate,-0.001086956521739,True,0.0008874166595199,False,True,True,False,True,1e-08
cleveland,switzerland,7,pseudo_label_sfda,0.0,False,0.0001292949739823,False,False,True,False,True,1e-08
cleveland,switzerland,7,entropy_sfda,0.0021739130434782,False,0.0046424265800454,False,False,True,False,True,1e-08
cleveland,switzerland,7,reliability_gated_sfda,0.0021739130434783,False,-0.0028624977286221,True,False,True,True,True,1e-08
cleveland,switzerland,7,conservative_candidate,0.0,False,0.0019057563989164,False,False,True,False,True,1e-08
cleveland,switzerland,8,pseudo_label_sfda,-0.0010869565217391,True,0.0084549289414979,False,True,True,False,True,1e-08
cleveland,switzerland,8,entropy_sfda,-0.0021739130434782,True,0.0073449457681184,False,True,True,False,True,1e-08
cleveland,switzerland,8,reliability_gated_sfda,1.1102230246251563e-16,False,-0.0026638188285036,True,False,True,True,True,1e-08
cleveland,switzerland,8,conservative_candidate,0.0010869565217391,False,0.0021138556040433,False,False,True,False,True,1e-08
cleveland,switzerland,9,pseudo_label_sfda,0.0,False,0.0058270078129417,False,False,True,False,True,1e-08
cleveland,switzerland,9,entropy_sfda,-0.0010869565217391,True,0.0149948861210972,False,True,True,False,True,1e-08
cleveland,switzerland,9,reliability_gated_sfda,0.0,False,-0.0030584411981795,True,False,True,True,True,1e-08
cleveland,switzerland,9,conservative_candidate,-0.0010869565217391,True,0.0028710819790491,False,True,True,False,True,1e-08
cleveland,va_long_beach,0,pseudo_label_sfda,-0.0013159626266613,True,-0.0008333093537703,True,True,True,True,True,1e-08
cleveland,va_long_beach,0,entropy_sfda,-0.0039478878799842,True,-0.0020141295437501,True,True,True,True,True,1e-08
cleveland,va_long_beach,0,reliability_gated_sfda,0.0005263850506646,False,-0.0011242565447324,True,False,True,True,True,1e-08
cleveland,va_long_beach,0,conservative_candidate,-0.0001315962626661,True,0.0004036502748461,False,True,True,False,True,1e-08
cleveland,va_long_beach,1,pseudo_label_sfda,-0.002895117778655,True,-0.0009906075481117,True,True,True,True,True,1e-08
cleveland,va_long_beach,1,entropy_sfda,-0.0007895775759967,True,-0.0016859685155998,True,True,True,True,True,1e-08
cleveland,va_long_beach,1,reliability_gated_sfda,0.0011843663639953,False,-0.0010213045916463,True,False,True,True,True,1e-08
cleveland,va_long_beach,1,conservative_candidate,-0.0010527701013289,True,6.446972145909835e-05,False,True,True,False,True,1e-08
cleveland,va_long_beach,2,pseudo_label_sfda,0.000921173838663,False,-0.0001645314532142,True,False,True,True,True,1e-08
cleveland,va_long_beach,2,entropy_sfda,0.0002631925253323,False,-0.0004185728360468,True,False,True,True,True,1e-08
cleveland,va_long_beach,2,reliability_gated_sfda,0.0006579813133308,False,-0.0010774681977928,True,False,True,True,True,1e-08
cleveland,va_long_beach,2,conservative_candidate,0.0001315962626661,False,0.0005790065301599,False,False,True,False,True,1e-08
cleveland,va_long_beach,3,pseudo_label_sfda,0.0032899065666535,False,-0.0003591954880896,True,False,True,True,True,1e-08
cleveland,va_long_beach,3,entropy_sfda,0.00579023555731,False,-0.0018140423227817,True,False,True,True,True,1e-08
cleveland,va_long_beach,3,reliability_gated_sfda,0.0006579813133306,False,-0.0008736252381144,True,False,True,True,True,1e-08
cleveland,va_long_beach,3,conservative_candidate,0.0019739439399921,False,0.000647440402145,False,False,True,False,True,1e-08
cleveland,va_long_beach,4,pseudo_label_sfda,0.0007895775759968,False,0.0007453881964396,False,False,True,False,True,1e-08
cleveland,va_long_beach,4,entropy_sfda,-0.0011843663639953,True,-0.0009049421926509,True,True,True,True,True,1e-08
cleveland,va_long_beach,4,reliability_gated_sfda,0.0,False,-0.0010755017061555,True,False,True,True,True,1e-08
cleveland,va_long_beach,4,conservative_candidate,-0.0006579813133307,True,0.0006450105142377,False,True,True,False,True,1e-08
cleveland,va_long_beach,5,pseudo_label_sfda,0.0027635215159889,False,-0.0006820669813279,True,False,True,True,True,1e-08
cleveland,va_long_beach,5,entropy_sfda,0.0034215028293196,False,-0.0009889013655772,True,False,True,True,True,1e-08
cleveland,va_long_beach,5,reliability_gated_sfda,-1.1102230246251563e-16,False,-0.0007642340130276,True,False,True,True,True,1e-08
cleveland,va_long_beach,5,conservative_candidate,-0.0006579813133307,True,0.0007077493119324,False,True,True,False,True,1e-08
cleveland,va_long_beach,6,pseudo_label_sfda,0.0005263850506644,False,-0.0004975756818296,True,False,True,True,True,1e-08
cleveland,va_long_beach,6,entropy_sfda,0.0023687327279904,False,-0.0013945204452046,True,False,True,True,True,1e-08
cleveland,va_long_beach,6,reliability_gated_sfda,0.0001315962626659,False,-0.0010720310313333,True,False,True,True,True,1e-08
cleveland,va_long_beach,6,conservative_candidate,-2.220446049250313e-16,False,0.0003976432285607,False,False,True,False,True,1e-08
cleveland,va_long_beach,7,pseudo_label_sfda,0.001973943939992,False,-0.0008947475478498,True,False,True,True,True,1e-08
cleveland,va_long_beach,7,entropy_sfda,0.0017107514146597,False,-0.0006213478308895,True,False,True,True,True,1e-08
cleveland,va_long_beach,7,reliability_gated_sfda,-0.0002631925253322,True,-0.0009647406435549,True,True,True,True,True,1e-08
cleveland,va_long_beach,7,conservative_candidate,-0.0003947887879984,True,0.0005034829962462,False,True,True,False,True,1e-08
cleveland,va_long_beach,8,pseudo_label_sfda,0.0043426766679824,False,-0.0018201803419827,True,False,True,True,True,1e-08
cleveland,va_long_beach,8,entropy_sfda,0.0040794841426503,False,-0.0030386257006906,True,False,True,True,True,1e-08
cleveland,va_long_beach,8,reliability_gated_sfda,0.0006579813133306,False,-0.000958917143513,True,False,True,True,True,1e-08
cleveland,va_long_beach,8,conservative_candidate,0.0013159626266614,False,0.0007107873302619,False,False,True,False,True,1e-08
cleveland,va_long_beach,9,pseudo_label_sfda,-0.0005263850506646,True,0.0001741965557012,False,True,True,False,True,1e-08
cleveland,va_long_beach,9,entropy_sfda,0.001973943939992,False,-0.0004660866225138,True,False,True,True,True,1e-08
cleveland,va_long_beach,9,reliability_gated_sfda,0.0002631925253321,False,-0.0011551567240962,True,False,True,True,True,1e-08
cleveland,va_long_beach,9,conservative_candidate,-0.0005263850506647,True,0.0005797685628633,False,True,True,False,True,1e-08
hungary,cleveland,0,pseudo_label_sfda,0.0016669591156343,False,-0.0023886622153493,True,False,True,True,True,1e-08
hungary,cleveland,0,entropy_sfda,0.0012721530092998,False,-0.0078148266064691,True,False,True,True,True,1e-08
hungary,cleveland,0,reliability_gated_sfda,-8.77346902964371e-05,True,0.000256564060171,False,True,True,False,True,1e-08
hungary,cleveland,0,conservative_candidate,-0.0002193367257412,True,-0.0002147086011198,True,True,True,True,True,1e-08
hungary,cleveland,1,pseudo_label_sfda,0.0005264081417792,False,-0.0042142458605991,True,False,True,True,True,1e-08
hungary,cleveland,1,entropy_sfda,-0.0005702754869273,True,-0.0082220419813804,True,True,True,True,True,1e-08
hungary,cleveland,1,reliability_gated_sfda,0.000307071416038,False,2.483384696053137e-05,False,False,True,False,True,1e-08
hungary,cleveland,1,conservative_candidate,-0.0003070714160378,True,-0.0002508783203713,True,True,True,True,True,1e-08
hungary,cleveland,2,pseudo_label_sfda,0.0019301631865239,False,-0.0027381039946097,True,False,True,True,True,1e-08
hungary,cleveland,2,entropy_sfda,0.0022372346025617,False,-0.0089595785127581,True,False,True,True,True,1e-08
hungary,cleveland,2,reliability_gated_sfda,0.0009212142481137,False,0.0002887944331855,False,False,True,False,True,1e-08
hungary,cleveland,2,conservative_candidate,0.0003509387611861,False,0.0001112950502391,False,False,True,False,True,1e-08
hungary,cleveland,3,pseudo_label_sfda,0.0019740305316721,False,-0.0053938312577105,True,False,True,True,True,1e-08
hungary,cleveland,3,entropy_sfda,0.0011405509738551,False,-0.011205735686913,True,False,True,True,True,1e-08
hungary,cleveland,3,reliability_gated_sfda,0.0010966836287067,False,5.855666428464246e-05,False,False,True,False,True,1e-08
hungary,cleveland,3,conservative_candidate,0.0007457448675205,False,6.204851467239703e-06,False,False,True,False,True,1e-08
hungary,cleveland,4,pseudo_label_sfda,0.0023688366380066,False,-0.0032434570837547,True,False,True,True,True,1e-08
hungary,cleveland,4,entropy_sfda,0.0010528162835584,False,-0.008538365336092,True,False,True,True,True,1e-08
hungary,cleveland,4,reliability_gated_sfda,0.0005264081417792,False,0.0002196416578713,False,False,True,False,True,1e-08
hungary,cleveland,4,conservative_candidate,0.0002632040708895,False,-7.808965426958636e-05,True,False,True,True,True,1e-08
hungary,cleveland,5,pseudo_label_sfda,0.0017985611510792,False,-0.0059666891973707,True,False,True,True,True,1e-08
hungary,cleveland,5,entropy_sfda,0.0003509387611861,False,-0.0112451053871518,True,False,True,True,True,1e-08
hungary,cleveland,5,reliability_gated_sfda,0.0003070714160379,False,0.0002259860890755,False,False,True,False,True,1e-08
hungary,cleveland,5,conservative_candidate,0.0001316020354448,False,5.367254239663222e-07,False,False,True,False,True,1e-08
hungary,cleveland,6,pseudo_label_sfda,0.0010528162835584,False,-0.0024925856602137,True,False,True,True,True,1e-08
hungary,cleveland,6,entropy_sfda,0.0003070714160378,False,-0.0057807626492615,True,False,True,True,True,1e-08
hungary,cleveland,6,reliability_gated_sfda,0.0002632040708896,False,2.994517416993192e-05,False,False,True,False,True,1e-08
hungary,cleveland,6,conservative_candidate,-4.386734514838509e-05,True,-2.1280270024542917e-05,True,True,True,True,True,1e-08
hungary,cleveland,7,pseudo_label_sfda,0.0007896122126689,False,-0.006595451045814,True,False,True,True,True,1e-08
hungary,cleveland,7,entropy_sfda,-8.773469029654812e-05,True,-0.012125964326587,True,True,True,True,True,1e-08
hungary,cleveland,7,reliability_gated_sfda,0.0004386734514826,False,0.0001420047607031,False,False,True,False,True,1e-08
hungary,cleveland,7,conservative_candidate,8.773469029654812e-05,False,-3.9161182802505135e-05,True,False,True,True,True,1e-08
hungary,cleveland,8,pseudo_label_sfda,0.0023688366380069,False,-0.0031487853868912,True,False,True,True,True,1e-08
hungary,cleveland,8,entropy_sfda,0.0017108264607826,False,-0.0096540638611746,True,False,True,True,True,1e-08
hungary,cleveland,8,reliability_gated_sfda,0.0009212142481138,False,0.0002982805711988,False,False,True,False,True,1e-08
hungary,cleveland,8,conservative_candidate,0.0002632040708898,False,8.57122082700279e-05,False,False,True,False,True,1e-08
hungary,cleveland,9,pseudo_label_sfda,0.0032023161958238,False,-0.0041466492473041,True,False,True,True,True,1e-08
hungary,cleveland,9,entropy_sfda,0.0003948061063343,False,-0.0086555635368353,True,False,True,True,True,1e-08
hungary,cleveland,9,reliability_gated_sfda,0.0005264081417792,False,-3.476019392073537e-06,True,False,True,True,True,1e-08
hungary,cleveland,9,conservative_candidate,8.773469029654812e-05,False,-7.957149615969716e-05,True,False,True,True,True,1e-08
hungary,switzerland,0,pseudo_label_sfda,-0.0032608695652173,True,0.0087718815548026,False,True,True,False,True,1e-08
hungary,switzerland,0,entropy_sfda,-0.0032608695652173,True,0.0025298159142786,False,True,True,False,True,1e-08
hungary,switzerland,0,reliability_gated_sfda,0.0010869565217391,False,-0.004740865296656,True,False,True,True,True,1e-08
hungary,switzerland,0,conservative_candidate,0.0,False,-0.0008465773221327,True,False,True,True,True,1e-08
hungary,switzerland,1,pseudo_label_sfda,-0.001086956521739,True,0.0057505623513706,False,True,True,False,True,1e-08
hungary,switzerland,1,entropy_sfda,-0.001086956521739,True,0.007089962394238,False,True,True,False,True,1e-08
hungary,switzerland,1,reliability_gated_sfda,0.0,False,-0.0036923609077797,True,False,True,True,True,1e-08
hungary,switzerland,1,conservative_candidate,0.0,False,0.0009791305273167,False,False,True,False,True,1e-08
hungary,switzerland,2,pseudo_label_sfda,-0.0010869565217389,True,0.0022566665369186,False,True,True,False,True,1e-08
hungary,switzerland,2,entropy_sfda,-0.0021739130434781,True,0.0114866335300754,False,True,True,False,True,1e-08
hungary,switzerland,2,reliability_gated_sfda,0.0,False,-0.0045156657158948,True,False,True,True,True,1e-08
hungary,switzerland,2,conservative_candidate,0.0,False,0.0025956555553169,False,False,True,False,True,1e-08
hungary,switzerland,3,pseudo_label_sfda,-0.0021739130434781,True,0.0049157494996785,False,True,True,False,True,1e-08
hungary,switzerland,3,entropy_sfda,0.0,False,-0.0002891258341641,True,False,True,True,True,1e-08
hungary,switzerland,3,reliability_gated_sfda,-0.001086956521739,True,-0.0049621272179032,True,True,True,True,True,1e-08
hungary,switzerland,3,conservative_candidate,0.001086956521739,False,0.0027798925406863,False,False,True,False,True,1e-08
hungary,switzerland,4,pseudo_label_sfda,-0.0043478260869564,True,0.0067327686475885,False,True,True,False,True,1e-08
hungary,switzerland,4,entropy_sfda,-0.001086956521739,True,0.0043140276724508,False,True,True,False,True,1e-08
hungary,switzerland,4,reliability_gated_sfda,0.0,False,-0.0030518789058121,True,False,True,True,True,1e-08
hungary,switzerland,4,conservative_candidate,0.0010869565217391,False,0.0018226271631189,False,False,True,False,True,1e-08
hungary,switzerland,5,pseudo_label_sfda,-0.0010869565217391,True,-0.0008930414439716,True,True,True,True,True,1e-08
hungary,switzerland,5,entropy_sfda,0.0,False,-0.0015588761345257,True,False,True,True,True,1e-08
hungary,switzerland,5,reliability_gated_sfda,-0.0010869565217391,True,-0.0032715956088872,True,True,True,True,True,1e-08
hungary,switzerland,5,conservative_candidate,0.0,False,0.002302454088521,False,False,True,False,True,1e-08
hungary,switzerland,6,pseudo_label_sfda,-0.001086956521739,True,-0.0025670137403606,True,True,True,True,True,1e-08
hungary,switzerland,6,entropy_sfda,0.0010869565217392,False,-0.0015610101556549,True,False,True,True,True,1e-08
hungary,switzerland,6,reliability_gated_sfda,0.0,False,-0.0034877863967084,True,False,True,True,True,1e-08
hungary,switzerland,6,conservative_candidate,-0.0021739130434781,True,0.0025090799084373,False,True,True,False,True,1e-08
hungary,switzerland,7,pseudo_label_sfda,-0.0076086956521739,True,-0.0006988998373498,True,True,True,True,True,1e-08
hungary,switzerland,7,entropy_sfda,-0.0054347826086957,True,0.0017714382454264,False,True,True,False,True,1e-08
hungary,switzerland,7,reliability_gated_sfda,0.001086956521739,False,-0.0047354041722728,True,False,True,True,True,1e-08
hungary,switzerland,7,conservative_candidate,0.0,False,0.0028580761479657,False,False,True,False,True,1e-08
hungary,switzerland,8,pseudo_label_sfda,-0.0032608695652174,True,-0.0031398026904886,True,True,True,True,True,1e-08
hungary,switzerland,8,entropy_sfda,-0.0032608695652174,True,0.0003990902071038,False,True,True,False,True,1e-08
hungary,switzerland,8,reliability_gated_sfda,-0.0043478260869564,True,-0.0041115539309093,True,True,True,True,True,1e-08
hungary,switzerland,8,conservative_candidate,-0.0021739130434782,True,0.0022843415575867,False,True,True,False,True,1e-08
hungary,switzerland,9,pseudo_label_sfda,-0.001086956521739,True,0.0025566325134699,False,True,True,False,True,1e-08
hungary,switzerland,9,entropy_sfda,0.0054347826086955,False,0.0024112498852617,False,False,True,False,True,1e-08
hungary,switzerland,9,reliability_gated_sfda,0.0,False,-0.0055526778219186,True,False,True,True,True,1e-08
hungary,switzerland,9,conservative_candidate,0.0,False,0.0015072634544273,False,False,True,False,True,1e-08
hungary,va_long_beach,0,pseudo_label_sfda,-0.0002631925253322,True,0.0039258782496117,False,True,True,False,True,1e-08
hungary,va_long_beach,0,entropy_sfda,-0.001052770101329,True,-0.012206070753854,True,True,True,True,True,1e-08
hungary,va_long_beach,0,reliability_gated_sfda,0.0,False,-0.0027140585693477,True,False,True,True,True,1e-08
hungary,va_long_beach,0,conservative_candidate,-0.0011843663639952,True,-0.000198586936474,True,True,True,True,True,1e-08
hungary,va_long_beach,1,pseudo_label_sfda,0.0019739439399921,False,0.0021406067789698,False,False,True,False,True,1e-08
hungary,va_long_beach,1,entropy_sfda,0.0,False,-0.0124516113160387,True,False,True,True,True,1e-08
hungary,va_long_beach,1,reliability_gated_sfda,0.0001315962626661,False,-0.0026032683156628,True,False,True,True,True,1e-08
hungary,va_long_beach,1,conservative_candidate,0.0005263850506644,False,0.000157810563397,False,False,True,False,True,1e-08
hungary,va_long_beach,2,pseudo_label_sfda,0.0,False,0.0029709091279298,False,False,True,False,True,1e-08
hungary,va_long_beach,2,entropy_sfda,0.0038162916173181,False,-0.0113257716998862,True,False,True,True,True,1e-08
hungary,va_long_beach,2,reliability_gated_sfda,0.0005263850506644,False,-0.0029959160887247,True,False,True,True,True,1e-08
hungary,va_long_beach,2,conservative_candidate,-0.0005263850506646,True,0.0006674267843845,False,True,True,False,True,1e-08
hungary,va_long_beach,3,pseudo_label_sfda,0.0023687327279905,False,0.0008095470576078,False,False,True,False,True,1e-08
hungary,va_long_beach,3,entropy_sfda,0.0003947887879983,False,-0.0156587925085277,True,False,True,True,True,1e-08
hungary,va_long_beach,3,reliability_gated_sfda,-0.0002631925253322,True,-0.0030131218291757,True,True,True,True,True,1e-08
hungary,va_long_beach,3,conservative_candidate,0.0003947887879983,False,0.0009040738749742,False,False,True,False,True,1e-08
hungary,va_long_beach,4,pseudo_label_sfda,-0.0007895775759967,True,0.0036702576386508,False,True,True,False,True,1e-08
hungary,va_long_beach,4,entropy_sfda,-0.0007895775759968,True,-0.014772166127731,True,True,True,True,True,1e-08
hungary,va_long_beach,4,reliability_gated_sfda,-0.0009211738386629,True,-0.0026169963790571,True,True,True,True,True,1e-08
hungary,va_long_beach,4,conservative_candidate,-0.0015791551519935,True,0.0008624148839778,False,True,True,False,True,1e-08
hungary,va_long_beach,5,pseudo_label_sfda,0.0006579813133307,False,-0.0039372422141214,True,False,True,True,True,1e-08
hungary,va_long_beach,5,entropy_sfda,-0.000131596262666,True,-0.0177728415504634,True,True,True,True,True,1e-08
hungary,va_long_beach,5,reliability_gated_sfda,0.0005263850506647,False,-0.0023249763636713,True,False,True,True,True,1e-08
hungary,va_long_beach,5,conservative_candidate,0.0001315962626661,False,0.0010146678005815,False,False,True,False,True,1e-08
hungary,va_long_beach,6,pseudo_label_sfda,-0.0010527701013289,True,-0.0046464715354712,True,True,True,True,True,1e-08
hungary,va_long_beach,6,entropy_sfda,-0.003026714041321,True,-0.0172795279136258,True,True,True,True,True,1e-08
hungary,va_long_beach,6,reliability_gated_sfda,-0.0005263850506644,True,-0.0031726609673988,True,True,True,True,True,1e-08
hungary,va_long_beach,6,conservative_candidate,-0.000131596262666,True,0.000722078217373,False,True,True,False,True,1e-08
hungary,va_long_beach,7,pseudo_label_sfda,0.0031583103039872,False,0.0001121792291573,False,False,True,False,True,1e-08
hungary,va_long_beach,7,entropy_sfda,-0.0015791551519936,True,-0.0179607202631081,True,True,True,True,True,1e-08
hungary,va_long_beach,7,reliability_gated_sfda,-0.0003947887879984,True,-0.0034840836407238,True,True,True,True,True,1e-08
hungary,va_long_beach,7,conservative_candidate,0.0006579813133306,False,0.0013074291400581,False,False,True,False,True,1e-08
hungary,va_long_beach,8,pseudo_label_sfda,-0.0005263850506646,True,-0.0001067584777011,True,True,True,True,True,1e-08
hungary,va_long_beach,8,entropy_sfda,-0.0034215028293195,True,-0.0216238519656382,True,True,True,True,True,1e-08
hungary,va_long_beach,8,reliability_gated_sfda,-0.0005263850506646,True,-0.0025935439320961,True,True,True,True,True,1e-08
hungary,va_long_beach,8,conservative_candidate,-0.0001315962626661,True,0.0006924695957799,False,True,True,False,True,1e-08
hungary,va_long_beach,9,pseudo_label_sfda,0.0002631925253322,False,0.002930787686736,False,False,True,False,True,1e-08
hungary,va_long_beach,9,entropy_sfda,0.0001315962626661,False,-0.0184198149560698,True,False,True,True,True,1e-08
hungary,va_long_beach,9,reliability_gated_sfda,-0.0005263850506646,True,-0.0038438815084921,True,True,True,True,True,1e-08
hungary,va_long_beach,9,conservative_candidate,-0.000921173838663,True,0.0002649615635844,False,True,True,False,True,1e-08
switzerland,cleveland,0,pseudo_label_sfda,0.0052202140726441,False,-0.0575548317517078,True,False,True,True,True,1e-08
switzerland,cleveland,0,entropy_sfda,-0.0017985611510791,True,-0.0577585614521674,True,True,True,True,True,1e-08
switzerland,cleveland,0,reliability_gated_sfda,0.0,False,3.4747749677599407e-09,False,False,True,False,True,1e-08
switzerland,cleveland,0,conservative_candidate,0.0,False,3.4747749677599407e-09,False,False,True,False,True,1e-08
switzerland,cleveland,1,pseudo_label_sfda,0.0032900508861203,False,-0.0628688155097959,True,False,True,True,True,1e-08
switzerland,cleveland,1,entropy_sfda,-0.0041235304439374,True,-0.0612932395172209,True,True,True,True,True,1e-08
switzerland,cleveland,1,reliability_gated_sfda,0.0,False,-3.6125424873745255e-10,False,False,True,False,True,1e-08
switzerland,cleveland,1,conservative_candidate,0.0,False,-3.6125424873745255e-10,False,False,True,False,True,1e-08
switzerland,cleveland,2,pseudo_label_sfda,0.0053079487629408,False,-0.0521272326683709,True,False,True,True,True,1e-08
switzerland,cleveland,2,entropy_sfda,0.0029391121249341,False,-0.0521978406463672,True,False,True,True,True,1e-08
switzerland,cleveland,2,reliability_gated_sfda,0.0,False,7.853009742486705e-09,False,False,True,False,True,1e-08
switzerland,cleveland,2,conservative_candidate,0.0,False,7.853009742486705e-09,False,False,True,False,True,1e-08
switzerland,cleveland,3,pseudo_label_sfda,0.0024565713283032,False,-0.0525442866429373,True,False,True,True,True,1e-08
switzerland,cleveland,3,entropy_sfda,-0.0014914897350412,True,-0.044180834952045,True,True,True,True,True,1e-08
switzerland,cleveland,3,reliability_gated_sfda,0.0,False,2.5515526913544302e-09,False,False,True,False,True,1e-08
switzerland,cleveland,3,conservative_candidate,0.0,False,2.5515526913544302e-09,False,False,True,False,True,1e-08
switzerland,cleveland,4,pseudo_label_sfda,0.0036409896473065,False,-0.0589393920774992,True,False,True,True,True,1e-08
switzerland,cleveland,4,entropy_sfda,-0.0030268468152307,True,-0.0641727475518643,True,True,True,True,True,1e-08
switzerland,cleveland,4,reliability_gated_sfda,0.0,False,-5.158496407808855e-10,False,False,True,False,True,1e-08
switzerland,cleveland,4,conservative_candidate,0.0,False,-5.158496407808855e-10,False,False,True,False,True,1e-08
switzerland,cleveland,5,pseudo_label_sfda,-0.0003070714160379,True,-0.0513734768554678,True,True,True,True,True,1e-08
switzerland,cleveland,5,entropy_sfda,-0.0029829794700824,True,-0.0472107794929232,True,True,True,True,True,1e-08
switzerland,cleveland,5,reliability_gated_sfda,0.0,False,-1.7443940125705382e-08,True,False,True,True,True,1e-08
switzerland,cleveland,5,conservative_candidate,0.0,False,-1.7443940125705382e-08,True,False,True,True,True,1e-08
switzerland,cleveland,6,pseudo_label_sfda,0.0029391121249341,False,-0.0599492355708624,True,False,True,True,True,1e-08
switzerland,cleveland,6,entropy_sfda,-0.0066020354448149,True,-0.0504457797157721,True,True,True,True,True,1e-08
switzerland,cleveland,6,reliability_gated_sfda,0.0,False,-3.06719736276051e-08,True,False,True,True,True,1e-08
switzerland,cleveland,6,conservative_candidate,0.0,False,-3.06719736276051e-08,True,False,True,True,True,1e-08
switzerland,cleveland,7,pseudo_label_sfda,0.0036848569924546,False,-0.0542827315007998,True,False,True,True,True,1e-08
switzerland,cleveland,7,entropy_sfda,0.0009212142481136,False,-0.0550907386432074,True,False,True,True,True,1e-08
switzerland,cleveland,7,reliability_gated_sfda,0.0,False,-1.0288107532563371e-08,True,False,True,True,True,1e-08
switzerland,cleveland,7,conservative_candidate,0.0,False,-1.0288107532563371e-08,True,False,True,True,True,1e-08
switzerland,cleveland,8,pseudo_label_sfda,0.0054395507983857,False,-0.0517556036785676,True,False,True,True,True,1e-08
switzerland,cleveland,8,entropy_sfda,-0.0014476223898928,True,-0.0594439897246888,True,True,True,True,True,1e-08
switzerland,cleveland,8,reliability_gated_sfda,0.0,False,-1.6519220658040012e-08,True,False,True,True,True,1e-08
switzerland,cleveland,8,conservative_candidate,0.0,False,-1.6519220658040012e-08,True,False,True,True,True,1e-08
switzerland,cleveland,9,pseudo_label_sfda,-0.0040357957536411,True,-0.0587512435572144,True,True,True,True,True,1e-08
switzerland,cleveland,9,entropy_sfda,-0.0119757852254781,True,-0.0611542891617123,True,True,True,True,True,1e-08
switzerland,cleveland,9,reliability_gated_sfda,0.0,False,3.4118491087919984e-08,False,False,True,False,True,1e-08
switzerland,cleveland,9,conservative_candidate,0.0,False,3.4118491087919984e-08,False,False,True,False,True,1e-08
switzerland,hungary,0,pseudo_label_sfda,-0.0044660778803692,True,-0.0674876691622411,True,True,True,True,True,1e-08
switzerland,hungary,0,entropy_sfda,-0.0182155760738659,True,-0.0747227683636816,True,True,True,True,True,1e-08
switzerland,hungary,0,reliability_gated_sfda,0.0,False,-3.6506054124085814e-08,True,False,True,True,True,1e-08
switzerland,hungary,0,conservative_candidate,0.0,False,-3.6506054124085814e-08,True,False,True,True,True,1e-08
switzerland,hungary,1,pseudo_label_sfda,-0.0011039743075069,True,-0.0697824602765568,True,True,True,True,True,1e-08
switzerland,hungary,1,entropy_sfda,-0.0123946206342833,True,-0.0761947814784141,True,True,True,True,True,1e-08
switzerland,hungary,1,reliability_gated_sfda,0.0,False,2.1950970929829342e-08,False,False,True,False,True,1e-08
switzerland,hungary,1,conservative_candidate,0.0,False,2.1950970929829342e-08,False,False,True,False,True,1e-08
switzerland,hungary,2,pseudo_label_sfda,0.0036631874749097,False,-0.0594910843657259,True,False,True,True,True,1e-08
switzerland,hungary,2,entropy_sfda,-0.0016057808109192,True,-0.0655813430122442,True,True,True,True,True,1e-08
switzerland,hungary,2,reliability_gated_sfda,0.0,False,-1.679741473692431e-08,True,False,True,True,True,1e-08
switzerland,hungary,2,conservative_candidate,0.0,False,-1.679741473692431e-08,True,False,True,True,True,1e-08
switzerland,hungary,3,pseudo_label_sfda,0.0005519871537534,False,-0.0607434990031572,True,False,True,True,True,1e-08
switzerland,hungary,3,entropy_sfda,-0.0072260136491369,True,-0.0599679404267677,True,True,True,True,True,1e-08
switzerland,hungary,3,reliability_gated_sfda,0.0,False,6.92923635137177e-09,False,False,True,False,True,1e-08
switzerland,hungary,3,conservative_candidate,0.0,False,6.92923635137177e-09,False,False,True,False,True,1e-08
switzerland,hungary,4,pseudo_label_sfda,0.0016057808109192,False,-0.0724362416822146,True,False,True,True,True,1e-08
switzerland,hungary,4,entropy_sfda,-0.0018065034122843,True,-0.0752384169349662,True,True,True,True,True,1e-08
switzerland,hungary,4,reliability_gated_sfda,0.0,False,9.308680326558516e-09,False,False,True,False,True,1e-08
switzerland,hungary,4,conservative_candidate,0.0,False,9.308680326558516e-09,False,False,True,False,True,1e-08
switzerland,hungary,5,pseudo_label_sfda,0.0050682456844641,False,-0.0609293248195175,True,False,True,True,True,1e-08
switzerland,hungary,5,entropy_sfda,-0.0034122842232033,True,-0.0628438573502284,True,True,True,True,True,1e-08
switzerland,hungary,5,reliability_gated_sfda,0.0,False,-2.1420903328905894e-08,True,False,True,True,True,1e-08
switzerland,hungary,5,conservative_candidate,0.0,False,-2.1420903328905894e-08,True,False,True,True,True,1e-08
switzerland,hungary,6,pseudo_label_sfda,-0.0167101565636291,True,-0.0721995255939884,True,True,True,True,True,1e-08
switzerland,hungary,6,entropy_sfda,-0.0287033319951828,True,-0.0650226280426919,True,True,True,True,True,1e-08
switzerland,hungary,6,reliability_gated_sfda,0.0,False,9.633889241911222e-09,False,False,True,False,True,1e-08
switzerland,hungary,6,conservative_candidate,0.0,False,9.633889241911222e-09,False,False,True,False,True,1e-08
switzerland,hungary,7,pseudo_label_sfda,0.0028101164191086,False,-0.0630140745548702,True,False,True,True,True,1e-08
switzerland,hungary,7,entropy_sfda,-0.0029104777197912,True,-0.068719073649149,True,True,True,True,True,1e-08
switzerland,hungary,7,reliability_gated_sfda,0.0,False,6.274572528219835e-09,False,False,True,False,True,1e-08
switzerland,hungary,7,conservative_candidate,0.0,False,6.274572528219835e-09,False,False,True,False,True,1e-08
switzerland,hungary,8,pseudo_label_sfda,-0.0031112003211561,True,-0.0657828276472367,True,True,True,True,True,1e-08
switzerland,hungary,8,entropy_sfda,-0.0121437173825772,True,-0.0730916053159399,True,True,True,True,True,1e-08
switzerland,hungary,8,reliability_gated_sfda,0.0,False,1.869175025870362e-08,False,False,True,False,True,1e-08
switzerland,hungary,8,conservative_candidate,0.0,False,1.869175025870362e-08,False,False,True,False,True,1e-08
switzerland,hungary,9,pseudo_label_sfda,-0.0011039743075069,True,-0.0721042715621729,True,True,True,True,True,1e-08
switzerland,hungary,9,entropy_sfda,-0.0065234845443595,True,-0.0740112931237969,True,True,True,True,True,1e-08
switzerland,hungary,9,reliability_gated_sfda,0.0,False,2.225325423932389e-09,False,False,True,False,True,1e-08
switzerland,hungary,9,conservative_candidate,0.0,False,2.225325423932389e-09,False,False,True,False,True,1e-08
switzerland,va_long_beach,0,pseudo_label_sfda,0.0201342281879195,False,-0.0173172097184778,True,False,True,True,True,1e-08
switzerland,va_long_beach,0,entropy_sfda,0.0161863403079353,False,-0.0111815280293917,True,False,True,True,True,1e-08
switzerland,va_long_beach,0,reliability_gated_sfda,0.0,False,6.37834290939665e-09,False,False,True,False,True,1e-08
switzerland,va_long_beach,0,conservative_candidate,0.0,False,6.37834290939665e-09,False,False,True,False,True,1e-08
switzerland,va_long_beach,1,pseudo_label_sfda,0.0096065271746282,False,-0.0184405657689676,True,False,True,True,True,1e-08
switzerland,va_long_beach,1,entropy_sfda,0.0075009869719701,False,-0.012089615012097,True,False,True,True,True,1e-08
switzerland,va_long_beach,1,reliability_gated_sfda,0.0,False,1.1973033231527095e-08,False,False,True,False,True,1e-08
switzerland,va_long_beach,1,conservative_candidate,0.0,False,1.1973033231527095e-08,False,False,True,False,True,1e-08
switzerland,va_long_beach,2,pseudo_label_sfda,0.0143439926306092,False,-0.0164709853968849,True,False,True,True,True,1e-08
switzerland,va_long_beach,2,entropy_sfda,0.0114488748519541,False,-0.0097036017040209,True,False,True,True,True,1e-08
switzerland,va_long_beach,2,reliability_gated_sfda,0.0,False,-3.648612717510602e-09,False,False,True,False,True,1e-08
switzerland,va_long_beach,2,conservative_candidate,0.0,False,-3.648612717510602e-09,False,False,True,False,True,1e-08
switzerland,va_long_beach,3,pseudo_label_sfda,0.0069746019213053,False,-0.0160743039937292,True,False,True,True,True,1e-08
switzerland,va_long_beach,3,entropy_sfda,0.0063166206079747,False,-0.0089393508334318,True,False,True,True,True,1e-08
switzerland,va_long_beach,3,reliability_gated_sfda,0.0,False,2.1878014400122936e-09,False,False,True,False,True,1e-08
switzerland,va_long_beach,3,conservative_candidate,0.0,False,2.1878014400122936e-09,False,False,True,False,True,1e-08
switzerland,va_long_beach,4,pseudo_label_sfda,0.0125016449532833,False,-0.0180711715584646,True,False,True,True,True,1e-08
switzerland,va_long_beach,4,entropy_sfda,0.0107908935386236,False,-0.0114377559707047,True,False,True,True,True,1e-08
switzerland,va_long_beach,4,reliability_gated_sfda,0.0,False,-5.936346386681279e-09,False,False,True,False,True,1e-08
switzerland,va_long_beach,4,conservative_candidate,0.0,False,-5.936346386681279e-09,False,False,True,False,True,1e-08
switzerland,va_long_beach,5,pseudo_label_sfda,0.0075009869719699,False,-0.0163855736617165,True,False,True,True,True,1e-08
switzerland,va_long_beach,5,entropy_sfda,0.0050006579813133,False,-0.0087950781125088,True,False,True,True,True,1e-08
switzerland,va_long_beach,5,reliability_gated_sfda,0.0,False,9.062269074044949e-09,False,False,True,False,True,1e-08
switzerland,va_long_beach,5,conservative_candidate,0.0,False,9.062269074044949e-09,False,False,True,False,True,1e-08
switzerland,va_long_beach,6,pseudo_label_sfda,0.0130280300039478,False,-0.0194192024205795,True,False,True,True,True,1e-08
switzerland,va_long_beach,6,entropy_sfda,0.0078957757599684,False,-0.0116027763187009,True,False,True,True,True,1e-08
switzerland,va_long_beach,6,reliability_gated_sfda,0.0,False,5.276566961143202e-10,False,False,True,False,True,1e-08
switzerland,va_long_beach,6,conservative_candidate,0.0,False,5.276566961143202e-10,False,False,True,False,True,1e-08
switzerland,va_long_beach,7,pseudo_label_sfda,0.0127648374786156,False,-0.0177066917845746,True,False,True,True,True,1e-08
switzerland,va_long_beach,7,entropy_sfda,0.0106592972759573,False,-0.0102256804817564,True,False,True,True,True,1e-08
switzerland,va_long_beach,7,reliability_gated_sfda,0.0,False,3.3777741409446456e-08,False,False,True,False,True,1e-08
switzerland,va_long_beach,7,conservative_candidate,0.0,False,3.3777741409446456e-08,False,False,True,False,True,1e-08
switzerland,va_long_beach,8,pseudo_label_sfda,0.0173707066719304,False,-0.0175088879474851,True,False,True,True,True,1e-08
switzerland,va_long_beach,8,entropy_sfda,0.0144097907619423,False,-0.0110031764017076,True,False,True,True,True,1e-08
switzerland,va_long_beach,8,reliability_gated_sfda,0.0,False,1.151129244703064e-08,False,False,True,False,True,1e-08
switzerland,va_long_beach,8,conservative_candidate,0.0,False,1.151129244703064e-08,False,False,True,False,True,1e-08
switzerland,va_long_beach,9,pseudo_label_sfda,0.0103961047506252,False,-0.0179975445298036,True,False,True,True,True,1e-08
switzerland,va_long_beach,9,entropy_sfda,0.005658639294644,False,-0.011294314934806,True,False,True,True,True,1e-08
switzerland,va_long_beach,9,reliability_gated_sfda,0.0,False,9.17668971367469e-09,False,False,True,False,True,1e-08
switzerland,va_long_beach,9,conservative_candidate,0.0,False,9.17668971367469e-09,False,False,True,False,True,1e-08
va_long_beach,cleveland,0,pseudo_label_sfda,0.0,False,-1.116674083756486e-08,True,False,True,True,True,1e-08
va_long_beach,cleveland,0,entropy_sfda,-0.007764520091244,True,-0.0470703090712977,True,True,True,True,True,1e-08
va_long_beach,cleveland,0,reliability_gated_sfda,0.000482540796631,False,0.0012692882000575,False,False,True,False,True,1e-08
va_long_beach,cleveland,0,conservative_candidate,-0.0003948061063343,True,-3.7877134451330674e-05,True,True,True,True,True,1e-08
va_long_beach,cleveland,1,pseudo_label_sfda,0.0004386734514828,False,-0.0043259901997496,True,False,True,True,True,1e-08
va_long_beach,cleveland,1,entropy_sfda,-0.0055272854886821,True,-0.0769501584236917,True,True,True,True,True,1e-08
va_long_beach,cleveland,1,reliability_gated_sfda,0.0002193367257413,False,0.0001367519478874,False,False,True,False,True,1e-08
va_long_beach,cleveland,1,conservative_candidate,0.0007018775223723,False,0.0012315442843577,False,False,True,False,True,1e-08
va_long_beach,cleveland,2,pseudo_label_sfda,-0.0004386734514828,True,-0.003386177385712,True,True,True,True,True,1e-08
va_long_beach,cleveland,2,entropy_sfda,-0.0007018775223724,True,-0.0500677844074288,True,True,True,True,True,1e-08
va_long_beach,cleveland,2,reliability_gated_sfda,8.77346902964371e-05,False,-3.3740056736952795e-05,True,False,True,True,True,1e-08
va_long_beach,cleveland,2,conservative_candidate,-8.773469029654812e-05,True,0.0004841529044469,False,True,True,False,True,1e-08
va_long_beach,cleveland,3,pseudo_label_sfda,8.773469029632608e-05,False,-0.0036172727134307,True,False,True,True,True,1e-08
va_long_beach,cleveland,3,entropy_sfda,0.0009212142481135,False,-0.0659938166932323,True,False,True,True,True,1e-08
va_long_beach,cleveland,3,reliability_gated_sfda,0.000350938761186,False,-0.0005374063923607,True,False,True,True,True,1e-08
va_long_beach,cleveland,3,conservative_candidate,0.0005702754869273,False,-0.0004604784708031,True,False,True,True,True,1e-08
va_long_beach,cleveland,4,pseudo_label_sfda,4.386734514827406e-05,False,-0.0023944152225232,True,False,True,True,True,1e-08
va_long_beach,cleveland,4,entropy_sfda,0.007281979294613,False,-0.0341633374343888,True,False,True,True,True,1e-08
va_long_beach,cleveland,4,reliability_gated_sfda,0.0006580101772241,False,-0.0005368335597788,True,False,True,True,True,1e-08
va_long_beach,cleveland,4,conservative_candidate,-0.0002193367257413,True,-0.0001984306517781,True,True,True,True,True,1e-08
va_long_beach,cleveland,5,pseudo_label_sfda,0.0,False,-2.2945745303815104e-10,False,False,True,False,True,1e-08
va_long_beach,cleveland,5,entropy_sfda,-8.773469029654812e-05,True,-0.0379197085484855,True,True,True,True,True,1e-08
va_long_beach,cleveland,5,reliability_gated_sfda,-8.773469029654812e-05,True,0.0006377459760551,False,True,True,False,True,1e-08
va_long_beach,cleveland,5,conservative_candidate,0.0,False,0.0006248412945942,False,False,True,False,True,1e-08
va_long_beach,cleveland,6,pseudo_label_sfda,-0.0019740305316724,True,-0.0047702490070239,True,True,True,True,True,1e-08
va_long_beach,cleveland,6,entropy_sfda,-0.0161431830145639,True,-0.0655843200101907,True,True,True,True,True,1e-08
va_long_beach,cleveland,6,reliability_gated_sfda,0.000175469380593,False,-0.0002816166613398,True,False,True,True,True,1e-08
va_long_beach,cleveland,6,conservative_candidate,-8.773469029654812e-05,True,0.0006792567063038,False,True,True,False,True,1e-08
va_long_beach,cleveland,7,pseudo_label_sfda,0.0009212142481137,False,-0.0003070226099732,True,False,True,True,True,1e-08
va_long_beach,cleveland,7,entropy_sfda,0.002763642744341,False,-0.0374879115485791,True,False,True,True,True,1e-08
va_long_beach,cleveland,7,reliability_gated_sfda,-0.0002193367257413,True,6.156529285339385e-05,False,True,True,False,True,1e-08
va_long_beach,cleveland,7,conservative_candidate,-0.0003070714160379,True,0.0001823518712732,False,True,True,False,True,1e-08
va_long_beach,cleveland,8,pseudo_label_sfda,-0.0005702754869275,True,-0.0038993534651536,True,True,True,True,True,1e-08
va_long_beach,cleveland,8,entropy_sfda,-0.0066678364625373,True,-0.0625134230542359,True,True,True,True,True,1e-08
va_long_beach,cleveland,8,reliability_gated_sfda,0.0003070714160378,False,0.0008703343241541,False,False,True,False,True,1e-08
va_long_beach,cleveland,8,conservative_candidate,-0.0002632040708896,True,0.0002984568465707,False,True,True,False,True,1e-08
va_long_beach,cleveland,9,pseudo_label_sfda,-0.0011844183190032,True,-0.0031321266935062,True,True,True,True,True,1e-08
va_long_beach,cleveland,9,entropy_sfda,-0.0088612037199509,True,-0.0436026454156238,True,True,True,True,True,1e-08
va_long_beach,cleveland,9,reliability_gated_sfda,-0.0003070714160378,True,-0.0003023239343942,True,True,True,True,True,1e-08
va_long_beach,cleveland,9,conservative_candidate,-0.0001316020354447,True,-0.0001232565609241,True,True,True,True,True,1e-08
va_long_beach,hungary,0,pseudo_label_sfda,0.0,False,-2.3040970797971742e-09,False,False,True,False,True,1e-08
va_long_beach,hungary,0,entropy_sfda,0.0082296266559614,False,-0.0137775108681001,True,False,True,True,True,1e-08
va_long_beach,hungary,0,reliability_gated_sfda,-0.0001003613006824,True,0.0014783671933155,False,True,True,False,True,1e-08
va_long_beach,hungary,0,conservative_candidate,-0.0009534323564833,True,-0.0003267093048134,True,True,True,True,True,1e-08
va_long_beach,hungary,1,pseudo_label_sfda,0.0031613809714973,False,-0.0011207000081209,True,False,True,True,True,1e-08
va_long_beach,hungary,1,entropy_sfda,0.0029606583701324,False,-0.0684499401095393,True,False,True,True,True,1e-08
va_long_beach,hungary,1,reliability_gated_sfda,0.0007527097551185,False,1.2793208282763093e-05,False,False,True,False,True,1e-08
va_long_beach,hungary,1,conservative_candidate,-0.0005519871537534,True,0.0005106658413504,False,True,True,False,True,1e-08
va_long_beach,hungary,2,pseudo_label_sfda,0.0,False,7.893229680977497e-10,False,False,True,False,True,1e-08
va_long_beach,hungary,2,entropy_sfda,0.0076776395022077,False,-0.0453600675684301,True,False,True,True,True,1e-08
va_long_beach,hungary,2,reliability_gated_sfda,0.0005018065034122,False,0.0003960116669199,False,False,True,False,True,1e-08
va_long_beach,hungary,2,conservative_candidate,-0.0003512645523886,True,-0.0001063936360395,True,True,True,True,True,1e-08
va_long_beach,hungary,3,pseudo_label_sfda,0.0,False,8.944955887102424e-09,False,False,True,False,True,1e-08
va_long_beach,hungary,3,entropy_sfda,0.0221798474508231,False,-0.0446742226863404,True,False,True,True,True,1e-08
va_long_beach,hungary,3,reliability_gated_sfda,0.0006021678040948,False,0.0008264857921651,False,False,True,False,True,1e-08
va_long_beach,hungary,3,conservative_candidate,-0.0001003613006822,True,-0.0008055287240955,True,True,True,True,True,1e-08
va_long_beach,hungary,4,pseudo_label_sfda,0.0024588518667203,False,-0.0004770301461413,True,False,True,True,True,1e-08
va_long_beach,hungary,4,entropy_sfda,0.0099859494179046,False,-0.0362682976799482,True,False,True,True,True,1e-08
va_long_beach,hungary,4,reliability_gated_sfda,0.0016057808109193,False,-0.0010714745812722,True,False,True,True,True,1e-08
va_long_beach,hungary,4,conservative_candidate,-0.0002007226013648,True,-0.0006170136565634,True,True,True,True,True,1e-08
va_long_beach,hungary,5,pseudo_label_sfda,0.0,False,-7.247724614911632e-09,False,False,True,False,True,1e-08
va_long_beach,hungary,5,entropy_sfda,0.010537936571658,False,-0.0376569909806234,True,False,True,True,True,1e-08
va_long_beach,hungary,5,reliability_gated_sfda,-0.0012545162585305,True,0.0005141459994375,False,True,True,False,True,1e-08
va_long_beach,hungary,5,conservative_candidate,-0.0014050582095542,True,0.0004347172910634,False,True,True,False,True,1e-08
va_long_beach,hungary,6,pseudo_label_sfda,0.0,False,-7.182330147292859e-09,False,False,True,False,True,1e-08
va_long_beach,hungary,6,entropy_sfda,-0.009484142914492,True,-0.0547964660183569,True,True,True,True,True,1e-08
va_long_beach,hungary,6,reliability_gated_sfda,0.0005018065034122,False,0.000733037076869,False,False,True,False,True,1e-08
va_long_beach,hungary,6,conservative_candidate,0.000200722601365,False,0.0006441079885632,False,False,True,False,True,1e-08
va_long_beach,hungary,7,pseudo_label_sfda,0.0,False,1.0163210717450966e-08,False,False,True,False,True,1e-08
va_long_beach,hungary,7,entropy_sfda,0.0085307105580086,False,-0.0389606414675853,True,False,True,True,True,1e-08
va_long_beach,hungary,7,reliability_gated_sfda,0.0002007226013649,False,-0.0004678664518786,True,False,True,True,True,1e-08
va_long_beach,hungary,7,conservative_candidate,-0.0003010839020474,True,-0.0002302201389743,True,True,True,True,True,1e-08
va_long_beach,hungary,8,pseudo_label_sfda,0.0019068647129666,False,-0.0021432278034342,True,False,True,True,True,1e-08
va_long_beach,hungary,8,entropy_sfda,0.0023584905660377,False,-0.0383128626572855,True,False,True,True,True,1e-08
va_long_beach,hungary,8,reliability_gated_sfda,0.0003010839020474,False,0.0011530483615386,False,False,True,False,True,1e-08
va_long_beach,hungary,8,conservative_candidate,0.0001505419510237,False,0.0004892342794825,False,False,True,False,True,1e-08
va_long_beach,hungary,9,pseudo_label_sfda,0.0012545162585306,False,-0.0014092791287766,True,False,True,True,True,1e-08
va_long_beach,hungary,9,entropy_sfda,0.0037635487755922,False,-0.0444807842028948,True,False,True,True,True,1e-08
va_long_beach,hungary,9,reliability_gated_sfda,0.0001003613006826,False,-0.0005671245029666,True,False,True,True,True,1e-08
va_long_beach,hungary,9,conservative_candidate,0.0005018065034123,False,-0.0004374410529348,True,False,True,True,True,1e-08
va_long_beach,switzerland,0,pseudo_label_sfda,0.0,False,-3.79759798607715e-09,False,False,True,False,True,1e-08
va_long_beach,switzerland,0,entropy_sfda,0.0043478260869564,False,0.0228954125045685,False,False,True,False,True,1e-08
va_long_beach,switzerland,0,reliability_gated_sfda,0.0,False,9.744463629902944e-05,False,False,True,False,True,1e-08
va_long_beach,switzerland,0,conservative_candidate,0.0,False,-0.0005104331329217,True,False,True,True,True,1e-08
va_long_beach,switzerland,1,pseudo_label_sfda,0.0,False,-4.4092397372130784e-09,False,False,True,False,True,1e-08
va_long_beach,switzerland,1,entropy_sfda,0.0108695652173912,False,0.0207875500954451,False,False,True,False,True,1e-08
va_long_beach,switzerland,1,reliability_gated_sfda,0.0,False,-4.4092397372130784e-09,False,False,True,False,True,1e-08
va_long_beach,switzerland,1,conservative_candidate,0.0,False,-4.4092397372130784e-09,False,False,True,False,True,1e-08
va_long_beach,switzerland,2,pseudo_label_sfda,0.0,False,3.7059163515706924e-09,False,False,True,False,True,1e-08
va_long_beach,switzerland,2,entropy_sfda,0.0043478260869564,False,0.0201981993141092,False,False,True,False,True,1e-08
va_long_beach,switzerland,2,reliability_gated_sfda,0.0,False,0.0003676510664004,False,False,True,False,True,1e-08
va_long_beach,switzerland,2,conservative_candidate,-0.0010869565217391,True,-0.0004376331250533,True,True,True,True,True,1e-08
va_long_beach,switzerland,3,pseudo_label_sfda,0.0,False,4.943429415815714e-09,False,False,True,False,True,1e-08
va_long_beach,switzerland,3,entropy_sfda,0.0141304347826086,False,0.0230109377854781,False,False,True,False,True,1e-08
va_long_beach,switzerland,3,reliability_gated_sfda,0.001086956521739,False,0.0012411298078715,False,False,True,False,True,1e-08
va_long_beach,switzerland,3,conservative_candidate,0.0,False,0.0007104978308479,False,False,True,False,True,1e-08
va_long_beach,switzerland,4,pseudo_label_sfda,0.0,False,-1.1910795821856723e-09,False,False,True,False,True,1e-08
va_long_beach,switzerland,4,entropy_sfda,0.009782608695652,False,0.0201685281174298,False,False,True,False,True,1e-08
va_long_beach,switzerland,4,reliability_gated_sfda,-0.0032608695652174,True,0.0004226307826132,False,True,True,False,True,1e-08
va_long_beach,switzerland,4,conservative_candidate,-1.1102230246251563e-16,False,-0.0001484145948065,True,False,True,True,True,1e-08
va_long_beach,switzerland,5,pseudo_label_sfda,0.0,False,2.939058010853479e-09,False,False,True,False,True,1e-08
va_long_beach,switzerland,5,entropy_sfda,0.0021739130434782,False,0.0144961568101275,False,False,True,False,True,1e-08
va_long_beach,switzerland,5,reliability_gated_sfda,0.0,False,2.939058010853479e-09,False,False,True,False,True,1e-08
va_long_beach,switzerland,5,conservative_candidate,0.0,False,2.939058010853479e-09,False,False,True,False,True,1e-08
va_long_beach,switzerland,6,pseudo_label_sfda,0.0,False,5.384354295756566e-09,False,False,True,False,True,1e-08
va_long_beach,switzerland,6,entropy_sfda,-0.0032608695652174,True,0.0181412739757123,False,True,True,False,True,1e-08
va_long_beach,switzerland,6,reliability_gated_sfda,-0.0010869565217391,True,0.0001912289448312,False,True,True,False,True,1e-08
va_long_beach,switzerland,6,conservative_candidate,-0.0021739130434783,True,-0.0006429611802071,True,True,True,True,True,1e-08
va_long_beach,switzerland,7,pseudo_label_sfda,0.0,False,-1.0094699104401528e-09,False,False,True,False,True,1e-08
va_long_beach,switzerland,7,entropy_sfda,0.0097826086956521,False,0.0163408065920935,False,False,True,False,True,1e-08
va_long_beach,switzerland,7,reliability_gated_sfda,0.0,False,-1.0094699104401528e-09,False,False,True,False,True,1e-08
va_long_beach,switzerland,7,conservative_candidate,0.0,False,-1.0094699104401528e-09,False,False,True,False,True,1e-08
va_long_beach,switzerland,8,pseudo_label_sfda,0.0,False,3.262422054728375e-09,False,False,True,False,True,1e-08
va_long_beach,switzerland,8,entropy_sfda,0.0065217391304348,False,0.0235318343844661,False,False,True,False,True,1e-08
va_long_beach,switzerland,8,reliability_gated_sfda,0.0,False,6.168590144119135e-05,False,False,True,False,True,1e-08
va_long_beach,switzerland,8,conservative_candidate,-0.001086956521739,True,-0.0004628525991892,True,True,True,True,True,1e-08
va_long_beach,switzerland,9,pseudo_label_sfda,0.0,False,1.0414982348772026e-09,False,False,True,False,True,1e-08
va_long_beach,switzerland,9,entropy_sfda,-0.0054347826086955,True,0.0169719972950267,False,True,True,False,True,1e-08
va_long_beach,switzerland,9,reliability_gated_sfda,0.0,False,1.0414982348772026e-09,False,False,True,False,True,1e-08
va_long_beach,switzerland,9,conservative_candidate,0.0,False,1.0414982348772026e-09,False,False,True,False,True,1e-08
