architecture,source,target,direction,method,method_label,accuracy_mean,accuracy_std,balanced_accuracy_mean,balanced_accuracy_std,precision_mean,precision_std,recall_mean,recall_std,specificity_mean,specificity_std,f1_mean,f1_std,mcc_mean,mcc_std,roc_auc_mean,roc_auc_std,pr_auc_mean,pr_auc_std,brier_mean,brier_std,ece10_mean,ece10_std,predicted_positive_rate_mean,predicted_positive_rate_std,tn_mean,tn_std,fp_mean,fp_std,fn_mean,fn_std,tp_mean,tp_std,n_seeds
dual_head,cleveland,hungary,Cleveland -> Hungary,dlar_lcl,DLAR-LCL,0.80578231292517,0.006887230180719967,0.789913689281413,0.007140251819585621,0.7302537974200191,0.01784076484423067,0.7330188679245283,0.022258287256838215,0.8468085106382979,0.01678320505843863,0.7312396379655521,0.008941106008049402,0.5796377812513132,0.013879792164760353,0.8620383380168606,0.007490321940249289,0.8194555980285587,0.008633793444536596,0.14600115842878167,0.005977348512680428,0.10486774891234782,0.022634037588716446,0.3622448979591837,0.01765579535419211,159.2,3.1552425509864594,28.8,3.1552425509864603,28.3,2.359378449224851,77.7,2.359378449224851,10
dual_head,cleveland,hungary,Cleveland -> Hungary,dual_head_source_only,Dual-head source-only,0.8054421768707483,0.007312705440633594,0.7900592131674027,0.007997621338378393,0.7285848248438003,0.016619878439693404,0.7349056603773585,0.021990105329618974,0.8452127659574469,0.015548341325101973,0.7313940476034523,0.010041802443332273,0.5792782284553532,0.015204459373459147,0.862454837414693,0.007541914138444292,0.8197686895416633,0.008522986897017432,0.14666623517015967,0.006374704656969219,0.10885991341352057,0.02284133920806035,0.3639455782312925,0.01643013236529415,158.9,2.9230881691191666,29.1,2.923088169119167,28.1,2.3309511649396115,77.9,2.3309511649396124,10
dual_head,cleveland,switzerland,Cleveland -> Switzerland,dlar_lcl,DLAR-LCL,0.7219512195121951,0.02536446386297583,0.6245108695652174,0.04122198914661869,0.9561113878646674,0.007344776049522135,0.7365217391304348,0.029573741311732647,0.5125,0.09223309842157773,0.8317315951656846,0.018231810121932483,0.13690313263053058,0.044302046667989675,0.7452173913043478,0.016131938677500682,0.9782227356366157,0.001629451920903104,0.1759389951764449,0.011641667785951458,0.29959178088550886,0.024473418772063944,0.7203252032520325,0.03094656352004382,4.1,0.7378647873726218,3.9,0.7378647873726217,30.3,3.4009802508492557,84.7,3.400980250849256,10
dual_head,cleveland,switzerland,Cleveland -> Switzerland,dual_head_source_only,Dual-head source-only,0.7260162601626016,0.028947859497510185,0.6208695652173912,0.03823210655790042,0.9552885232600113,0.006653205784076646,0.7417391304347827,0.03280616537257024,0.5,0.08333333333333333,0.8346920274218042,0.020437649850814043,0.13408913655704247,0.04212012436164052,0.7468478260869565,0.016740934089413764,0.9784060538622221,0.001669508032221535,0.17371197983929404,0.011264011260728528,0.29954906242892027,0.024043919011129344,0.7260162601626016,0.033201979719873785,4.0,0.6666666666666666,4.0,0.6666666666666665,29.7,3.772709017845577,85.3,3.7727090178455773,10
dual_head,cleveland,va_long_beach,Cleveland -> VA Long Beach,dlar_lcl,DLAR-LCL,0.7285,0.025281745720315003,0.6578694565074352,0.01961934707558299,0.8283033269504205,0.010907382787924887,0.8020134228187918,0.041281078494957345,0.5137254901960784,0.046949764695602546,0.8144075334441881,0.02168188620905489,0.3089144574740413,0.04049551176161045,0.7278984076852217,0.009610992798277904,0.8815580585835147,0.004929335639982173,0.1808772043708871,0.005448791279797377,0.10593158509582279,0.015070535261805807,0.7215,0.03923221465411644,26.2,2.3944379994757288,24.8,2.3944379994757288,29.5,6.150880695748645,119.5,6.150880695748645,10
dual_head,cleveland,va_long_beach,Cleveland -> VA Long Beach,dual_head_source_only,Dual-head source-only,0.732,0.025077657165072043,0.6557046979865773,0.019054721784860937,0.8259639615413592,0.010233958997486943,0.8114093959731544,0.040940208550344706,0.5,0.045517608748967715,0.8181037972442795,0.021420792353527646,0.3084118869381053,0.040448999351261165,0.7276483747861561,0.009562953514702818,0.8815329803805833,0.0047880501218200465,0.17995190870660527,0.005345970005912439,0.10330650735646488,0.01551373871128232,0.732,0.03874417518945414,25.5,2.3213980461973533,25.5,2.3213980461973533,28.1,6.100091074001363,120.9,6.100091074001366,10
dual_head,hungary,cleveland,Hungary -> Cleveland,dlar_lcl,DLAR-LCL,0.7874587458745875,0.017198347411100365,0.7761866116862607,0.019864456065200292,0.8627805713782506,0.018990004580100465,0.6395683453237411,0.054310061497104864,0.9128048780487805,0.018639441492862396,0.7328958448980052,0.033173349225573176,0.5817670403112515,0.028744447458905534,0.8652439024390244,0.006886333355271288,0.858367256723853,0.006510054127012017,0.15505928228928556,0.006381967138791043,0.08354667731170409,0.019891727911826154,0.34059405940594056,0.033900528575157594,149.7,3.056868404829436,14.3,3.0568684048294332,50.1,7.549098548097573,88.9,7.549098548097574,10
dual_head,hungary,cleveland,Hungary -> Cleveland,dual_head_source_only,Dual-head source-only,0.7874587458745875,0.015957284369169433,0.7760769433233901,0.018411603312228846,0.8640883654658797,0.018542473791579108,0.6381294964028776,0.0504224800110259,0.9140243902439025,0.017823708348287594,0.7326127112132912,0.03106000080779604,0.5819728459397343,0.026470563502793323,0.8653404105983507,0.00692946859621592,0.8584277950491241,0.006544289584609249,0.15562731681975178,0.00646623161259972,0.08393728584788814,0.018681149923273414,0.3392739273927393,0.03164800640239264,149.9,2.9230881691191706,14.1,2.923088169119167,50.3,7.008724721532599,88.7,7.008724721532599,10
dual_head,hungary,switzerland,Hungary -> Switzerland,dlar_lcl,DLAR-LCL,0.5666666666666667,0.030672431039394914,0.6519565217391304,0.028580963167404966,0.9699859103322703,0.00835701520421155,0.5539130434782609,0.03735646056544617,0.75,0.08333333333333333,0.7043487090303993,0.028704543758343883,0.15057412794161287,0.02779325359280498,0.7403260869565218,0.018328105458432997,0.9750736895397478,0.002742701091753331,0.2609667936909399,0.0203825303394764,0.41649301597257943,0.02934397548634964,0.5341463414634147,0.03946789535989364,6.0,0.6666666666666666,2.0,0.6666666666666666,51.3,4.295992965026311,63.7,4.295992965026311,10
dual_head,hungary,switzerland,Hungary -> Switzerland,dual_head_source_only,Dual-head source-only,0.567479674796748,0.030612512187410165,0.6523913043478261,0.028562584897705707,0.9700325303788905,0.00835363422197453,0.5547826086956522,0.03730019232961254,0.75,0.08333333333333333,0.7050669410745981,0.028673481752076128,0.15101978093308785,0.02776751759714912,0.7402173913043478,0.018488914235033443,0.9748670238394558,0.002745535016447247,0.2589767418890124,0.019702578181783555,0.41656747284095463,0.028361085325921343,0.5349593495934959,0.039421347525134265,6.0,0.6666666666666666,2.0,0.6666666666666666,51.2,4.289522117905443,63.8,4.289522117905443,10
dual_head,hungary,va_long_beach,Hungary -> VA Long Beach,dlar_lcl,DLAR-LCL,0.6475000000000001,0.020172864061517026,0.6776615344124226,0.014288969804669012,0.8738254882244381,0.012022235568366966,0.6161073825503356,0.034045659740039,0.7392156862745097,0.03703062869075893,0.7220674214815948,0.02276619461435338,0.3107148788557412,0.024623520819273548,0.7350046058691933,0.007929286066410628,0.8849273220253243,0.0034436250026183696,0.22480006536808492,0.012077018125720365,0.2181867248117924,0.02737857312447693,0.5255,0.0325277659170678,37.7,1.8885620632287052,13.3,1.8885620632287057,57.2,5.072803301265814,91.8,5.072803301265812,10
dual_head,hungary,va_long_beach,Hungary -> VA Long Beach,dual_head_source_only,Dual-head source-only,0.6495,0.019213710382606157,0.6783589946045533,0.012655993050508402,0.8736536122479368,0.011545380410251665,0.6194630872483222,0.033935229154785244,0.7372549019607844,0.037203266590216236,0.7242901990077705,0.022195467109399007,0.3120580531957981,0.02178412562452259,0.7347677325963942,0.007975790271223028,0.8848843652698845,0.0033197511346746136,0.22264232998598668,0.012284110618508598,0.21650947394967082,0.027476696001620723,0.5285,0.03300252515591293,37.6,1.8973665961010278,13.4,1.8973665961010275,56.7,5.056349144063003,92.3,5.056349144063003,10
dual_head,switzerland,cleveland,Switzerland -> Cleveland,dlar_lcl,DLAR-LCL,0.45874587458745875,0.0,0.5,0.0,0.45874587458745875,0.0,1.0,0.0,0.0,0.0,0.6289592760180995,0.0,0.0,0.0,0.5617893490085979,0.1798173027192064,0.5581666423409849,0.16223468431076263,0.29980630804718,0.029376647442753884,0.23644724570878664,0.060090576325474106,1.0,0.0,0.0,0.0,164.0,0.0,0.0,0.0,139.0,0.0,10
dual_head,switzerland,cleveland,Switzerland -> Cleveland,dual_head_source_only,Dual-head source-only,0.45874587458745875,0.0,0.5,0.0,0.45874587458745875,0.0,1.0,0.0,0.0,0.0,0.6289592760180995,0.0,0.0,0.0,0.563019828040007,0.17433586498208462,0.5577836165082632,0.15769198238689325,0.30005139409925624,0.029160213526721615,0.23604967847909078,0.05912206818550375,1.0,0.0,0.0,0.0,164.0,0.0,0.0,0.0,139.0,0.0,10
dual_head,switzerland,hungary,Switzerland -> Hungary,dlar_lcl,DLAR-LCL,0.36054421768707484,0.0,0.5,0.0,0.36054421768707484,0.0,1.0,0.0,0.0,0.0,0.53,0.0,0.0,0.0,0.6367171818546769,0.1842328105330299,0.5346440579919893,0.18825712441642356,0.33207913624228724,0.03828694517662896,0.33200512051987807,0.0561739338995427,1.0,0.0,0.0,0.0,188.0,0.0,0.0,0.0,106.0,0.0,10
dual_head,switzerland,hungary,Switzerland -> Hungary,dual_head_source_only,Dual-head source-only,0.36054421768707484,0.0,0.5,0.0,0.36054421768707484,0.0,1.0,0.0,0.0,0.0,0.53,0.0,0.0,0.0,0.6392939582496989,0.17801093111324254,0.5349520059280705,0.18213205135278102,0.33230317364260575,0.03846660271205731,0.33143879201541954,0.0567788533605846,1.0,0.0,0.0,0.0,188.0,0.0,0.0,0.0,106.0,0.0,10
dual_head,switzerland,va_long_beach,Switzerland -> VA Long Beach,dlar_lcl,DLAR-LCL,0.745,0.0,0.5,0.0,0.745,0.0,1.0,0.0,0.0,0.0,0.8538681948424068,0.0,0.0,0.0,0.6149230161863404,0.07800278477992274,0.81649643144756,0.05231869112067456,0.19303118963752922,0.008919345687095405,0.08378412202000618,0.035630324514718884,1.0,0.0,0.0,0.0,51.0,0.0,0.0,0.0,149.0,0.0,10
dual_head,switzerland,va_long_beach,Switzerland -> VA Long Beach,dual_head_source_only,Dual-head source-only,0.745,0.0,0.5,0.0,0.745,0.0,1.0,0.0,0.0,0.0,0.8538681948424068,0.0,0.0,0.0,0.6136333728122121,0.0769430555184446,0.8159015746490542,0.051456167771727075,0.19328650935760963,0.008940003609242466,0.08213738006353377,0.036268410537499775,1.0,0.0,0.0,0.0,51.0,0.0,0.0,0.0,149.0,0.0,10
dual_head,va_long_beach,cleveland,VA Long Beach -> Cleveland,dlar_lcl,DLAR-LCL,0.45874587458745875,0.0,0.5,0.0,0.45874587458745875,0.0,1.0,0.0,0.0,0.0,0.6289592760180995,0.0,0.0,0.0,0.798170731707317,0.03726780163304626,0.7778271293497455,0.05103382017443715,0.2720683105336919,0.015494058873558782,0.252405057055722,0.011191479456665654,1.0,0.0,0.0,0.0,164.0,0.0,0.0,0.0,139.0,0.0,10
dual_head,va_long_beach,cleveland,VA Long Beach -> Cleveland,dual_head_source_only,Dual-head source-only,0.45874587458745875,0.0,0.5,0.0,0.45874587458745875,0.0,1.0,0.0,0.0,0.0,0.6289592760180995,0.0,0.0,0.0,0.7958545358834883,0.0381123173244383,0.7757653755079912,0.051609629228645676,0.2735722327053288,0.015674469985761243,0.2522240123733042,0.011183571698097135,1.0,0.0,0.0,0.0,164.0,0.0,0.0,0.0,139.0,0.0,10
dual_head,va_long_beach,hungary,VA Long Beach -> Hungary,dlar_lcl,DLAR-LCL,0.36054421768707484,0.0,0.5,0.0,0.36054421768707484,0.0,1.0,0.0,0.0,0.0,0.53,0.0,0.0,0.0,0.8545513849859494,0.033746811734237984,0.7861974631024287,0.051406282318732205,0.2905541304859819,0.01851043289445178,0.3309076347521373,0.012408961471491804,1.0,0.0,0.0,0.0,188.0,0.0,0.0,0.0,106.0,0.0,10
dual_head,va_long_beach,hungary,VA Long Beach -> Hungary,dual_head_source_only,Dual-head source-only,0.36054421768707484,0.0,0.5,0.0,0.36054421768707484,0.0,1.0,0.0,0.0,0.0,0.53,0.0,0.0,0.0,0.8535226816539542,0.03440772374055264,0.7852331911714134,0.052306322334232803,0.2921658908890803,0.01848139884062674,0.33162095792034046,0.011364061320684777,1.0,0.0,0.0,0.0,188.0,0.0,0.0,0.0,106.0,0.0,10
dual_head,va_long_beach,switzerland,VA Long Beach -> Switzerland,dlar_lcl,DLAR-LCL,0.9349593495934959,0.0,0.5,0.0,0.9349593495934959,0.0,1.0,0.0,0.0,0.0,0.9663865546218486,0.0,0.0,0.0,0.6954347826086956,0.03829214795272025,0.964261743930722,0.00845529496746689,0.11016217281133012,0.013013102817514763,0.2245142171053382,0.02648657560681094,1.0,0.0,0.0,0.0,8.0,0.0,0.0,0.0,115.0,0.0,10
dual_head,va_long_beach,switzerland,VA Long Beach -> Switzerland,dual_head_source_only,Dual-head source-only,0.9349593495934959,0.0,0.5,0.0,0.9349593495934959,0.0,1.0,0.0,0.0,0.0,0.9663865546218486,0.0,0.0,0.0,0.6954347826086956,0.0391867549605122,0.9639021142076297,0.00868511665269826,0.11052223284051692,0.01308131408135907,0.22476067538183883,0.026741254314917782,1.0,0.0,0.0,0.0,8.0,0.0,0.0,0.0,115.0,0.0,10
