source,target,method,fold_runs,skip_rate_pct,mean_selected_n,mean_selected_per_class,mean_coverage,mean_pseudo_positive_n,mean_pseudo_negative_n,mean_selected_confidence,mean_reliability_score,mean_teacher_positive_rate,mean_positive_rate_before,mean_positive_rate_after,mean_entropy_before,mean_entropy_after,mean_teacher_drift,mean_teacher_drift_v1,mean_missingness_rate,mean_pseudo_positive_fraction,mean_positive_rate_change,mean_entropy_change
cleveland,hungary,conservative_candidate,50,0.0,94.0,47.0,,,,0.9459608459472656,0.7734675136459296,0.4095052289938694,0.4095052289938694,0.40652866931121523,0.38437448024749754,0.3827671581506729,0.001977552823955148,,0.00170032455824012,,-0.0029765596826541708,-0.001607322096824647
cleveland,hungary,entropy_sfda,50,,,,,,,,,,0.4095052289938694,0.35831734583483593,0.38437448024749754,0.30434610426425934,,,0.00170032455824012,,-0.05118788315903353,-0.08002837598323823
cleveland,hungary,pseudo_label_sfda,50,0.0,104.88,,0.4459141723764875,38.0,66.88,0.9465911614894867,,,,,,,,,0.00170032455824012,0.36100203013408544,,
cleveland,hungary,reliability_gated_sfda,50,0.0,94.0,47.0,0.3996610169491525,,,0.9459608459472656,0.7734675136459296,0.4095052289938694,0.4095052289938694,0.4064442841687702,0.38437448024749754,0.37668843924999235,,0.004429502608254504,0.00170032455824012,,-0.0030609448250991742,-0.007686040997505188
cleveland,switzerland,conservative_candidate,50,0.0,39.96,19.98,,,,0.8377993190288544,0.3785884716211128,0.771566687280973,0.771566687280973,0.7762420119562976,0.4447415655851364,0.4442230713367462,0.0025537089491262615,,0.011175530818387897,,0.004675324675324679,-0.0005184942483901911
cleveland,switzerland,entropy_sfda,50,,,,,,,,,,0.771566687280973,0.7919068233353949,0.4447415655851364,0.40746286571025847,,,0.011175530818387897,,0.020340136054421785,-0.03727869987487793
cleveland,switzerland,pseudo_label_sfda,50,0.0,28.0,,0.28450834879406306,25.68,2.32,0.9323670578002929,,,,,,,,,0.011175530818387897,0.9119813350510068,,
cleveland,switzerland,reliability_gated_sfda,50,0.0,39.96,19.98,0.406105957534529,,,0.8377993190288544,0.3785884716211128,0.771566687280973,0.771566687280973,0.7681158524015665,0.4447415655851364,0.44102832973003386,,0.004116389928385564,0.011175530818387897,,-0.003450834879406313,-0.00371323585510254
cleveland,va_long_beach,conservative_candidate,50,0.0,64.0,32.0,,,,0.852228684425354,0.3281541220623651,0.777,0.777,0.778,0.4342629027366638,0.43358138561248777,0.002598645588150208,,0.136875,,0.001000000000000003,-0.0006815171241760376
cleveland,va_long_beach,entropy_sfda,50,,,,,,,,,,0.777,0.780625,0.4342629027366638,0.3828744375705719,,,0.136875,,0.0036250000000000115,-0.05138846516609192
cleveland,va_long_beach,pseudo_label_sfda,50,0.0,52.8,,0.33,50.56,2.24,0.9398916208744049,,,,,,,,,0.136875,0.9551973208074177,,
cleveland,va_long_beach,reliability_gated_sfda,50,0.0,64.0,32.0,0.3999999999999999,,,0.852228684425354,0.3281541220623651,0.777,0.777,0.7759999999999999,0.4342629027366638,0.43046355664730074,,0.003926434726454262,0.136875,,-0.0009999999999999966,-0.003799346089363098
hungary,cleveland,conservative_candidate,50,0.0,96.8,48.4,,,,0.9367907667160034,0.7185593302798137,0.38349182056252756,0.38349182056252756,0.3829146685712343,0.4130248045921326,0.411918950676918,0.001574523923918552,,0.0,,-0.0005771519912934009,-0.001105853915214532
hungary,cleveland,entropy_sfda,50,,,,,,,,,,0.38349182056252756,0.35057647178859297,0.4130248045921326,0.33056970715522765,,,0.0,,-0.03291534877393463,-0.0824550974369049
hungary,cleveland,pseudo_label_sfda,50,0.0,96.56,,0.39835288916097,36.0,60.56,0.9430358052253723,,,,,,,,,0.0,0.3730891224982999,,
hungary,cleveland,reliability_gated_sfda,50,0.0,96.8,48.4,0.39933340135360323,,,0.9367907667160034,0.7185593302798137,0.38349182056252756,0.38349182056252756,0.38497772336156166,0.4130248045921326,0.4058220410346985,,0.004667760478332588,0.0,,0.0014859027990341167,-0.007202763557434084
hungary,switzerland,conservative_candidate,50,0.0,40.0,20.0,,,,0.8757385289669037,0.7211428662644959,0.5837085137085137,0.5837085137085137,0.5855370026798598,0.5067374521493911,0.5068347418308258,0.002467022483469866,,0.011175530818387897,,0.001828488971346116,9.728968143463246e-05
hungary,switzerland,entropy_sfda,50,,,,,,,,,,0.5837085137085137,0.5893815708101422,0.5067374521493911,0.47862751424312594,,,0.011175530818387897,,0.005673057101628536,-0.028109937906265276
hungary,switzerland,pseudo_label_sfda,50,0.0,16.88,,0.17150278293135435,12.16,4.72,0.9346972334384919,,,,,,,,,0.011175530818387897,0.7143877952748258,,
hungary,switzerland,reliability_gated_sfda,50,0.0,40.0,20.0,0.40651412079983507,,,0.8757385289669037,0.7211428662644959,0.5837085137085137,0.5837085137085137,0.5778148835291692,0.5067374521493911,0.5015993112325668,,0.005129545535892196,0.011175530818387897,,-0.005893630179344462,-0.005138140916824347
hungary,va_long_beach,conservative_candidate,50,0.0,64.0,32.0,,,,0.9035628187656403,0.723352751817333,0.5325,0.5325,0.534,0.45941252827644347,0.4588655215501785,0.002011666410835412,,0.136875,,0.0015000000000000024,-0.0005470067262649581
hungary,va_long_beach,entropy_sfda,50,,,,,,,,,,0.5325,0.5305,0.45941252827644347,0.40689255475997926,,,0.136875,,-0.001999999999999996,-0.052519973516464244
hungary,va_long_beach,pseudo_label_sfda,50,0.0,41.52,,0.2595,32.16,9.36,0.9399837911128998,,,,,,,,,0.136875,0.7672424072367169,,
hungary,va_long_beach,reliability_gated_sfda,50,0.0,64.0,32.0,0.3999999999999999,,,0.9035628187656403,0.723352751817333,0.5325,0.5325,0.5325,0.45941252827644347,0.45223597943782806,,0.005574991600587919,0.136875,,0.0,-0.007176548838615417
switzerland,cleveland,conservative_candidate,50,100.0,0.0,0.0,,,,0.0,0.0,1.0,1.0,1.0,0.31388271510601046,0.31388271510601046,0.0,,0.0,,0.0,0.0
switzerland,cleveland,entropy_sfda,50,,,,,,,,,,1.0,1.0,0.31388271510601046,0.19992524564266204,,,0.0,,0.0,-0.1139574694633484
switzerland,cleveland,pseudo_label_sfda,50,0.0,130.4,,0.5379451076420774,130.4,0.0,0.9463147938251495,,,,,,,,,0.0,1.0,,
switzerland,cleveland,reliability_gated_sfda,50,100.0,0.0,0.0,0.0,,,0.0,0.0,1.0,1.0,1.0,0.31388271510601046,0.31388271510601046,,0.0,0.0,,0.0,0.0
switzerland,hungary,conservative_candidate,50,100.0,0.0,0.0,,,,0.0,0.0,1.0,1.0,1.0,0.3032051193714142,0.3032051193714142,0.0,,0.00170032455824012,,0.0,0.0
switzerland,hungary,entropy_sfda,50,,,,,,,,,,1.0,1.0,0.3032051193714142,0.1872594350576401,,,0.00170032455824012,,0.0,-0.11594568431377411
switzerland,hungary,pseudo_label_sfda,50,0.0,120.72,,0.5132372881355932,120.72,0.0,0.9536925792694092,,,,,,,,,0.00170032455824012,1.0,,
switzerland,hungary,reliability_gated_sfda,50,100.0,0.0,0.0,0.0,,,0.0,0.0,1.0,1.0,1.0,0.3032051193714142,0.3032051193714142,,0.0,0.00170032455824012,,0.0,0.0
switzerland,va_long_beach,conservative_candidate,50,100.0,0.0,0.0,,,,0.0,0.0,1.0,1.0,1.0,0.2244488099217415,0.2244488099217415,0.0,,0.136875,,0.0,0.0
switzerland,va_long_beach,entropy_sfda,50,,,,,,,,,,1.0,1.0,0.2244488099217415,0.16444600135087964,,,0.136875,,0.0,-0.060002808570861814
switzerland,va_long_beach,pseudo_label_sfda,50,0.0,128.64,,0.8039999999999999,128.64,0.0,0.9551611948013305,,,,,,,,,0.136875,1.0,,
switzerland,va_long_beach,reliability_gated_sfda,50,100.0,0.0,0.0,0.0,,,0.0,0.0,1.0,1.0,1.0,0.2244488099217415,0.2244488099217415,,0.0,0.136875,,0.0,0.0
va_long_beach,cleveland,conservative_candidate,50,4.0,70.2,35.1,,,,0.7132524335384369,0.25041634473059365,0.8247471346461245,0.8247471346461245,0.8254065911641669,0.5982762086391449,0.5995925903320313,0.0019055882166139281,,0.0,,0.0006594565180423784,0.0013163816928863526
va_long_beach,cleveland,entropy_sfda,50,,,,,,,,,,0.8247471346461245,0.9781308029792879,0.5982762086391449,0.5172847306728363,,,0.0,,0.15338366833316328,-0.0809914779663086
va_long_beach,cleveland,pseudo_label_sfda,50,30.0,11.36,,0.046869026970037024,11.36,0.0,0.930028065443039,,,,,,,,,0.0,1.0,,
va_long_beach,cleveland,reliability_gated_sfda,50,4.0,70.2,35.1,0.28960718294051624,,,0.7132524335384369,0.25041634473059365,0.8247471346461245,0.8247471346461245,0.8246648301193755,0.5982762086391449,0.5955780601501465,,0.002920718996319876,0.0,,-8.230452674896638e-05,-0.002698148488998413
va_long_beach,hungary,conservative_candidate,50,0.0,82.24,41.12,,,,0.6965880799293518,0.45225685021096146,0.6754940497655967,0.6754940497655967,0.6768543094121892,0.6306895804405213,0.6316411137580872,0.0019094042223877757,,0.00170032455824012,,0.0013602596465921392,0.000951533317565918
va_long_beach,hungary,entropy_sfda,50,,,,,,,,,,0.6754940497655967,0.8932664983772088,0.6306895804405213,0.5744667255878448,,,0.00170032455824012,,0.21777244861161196,-0.05622285485267639
va_long_beach,hungary,pseudo_label_sfda,50,72.0,6.24,,0.026525423728813516,6.24,0.0,0.9214106895485703,,,,,,,,,0.00170032455824012,1.0,,
va_long_beach,hungary,reliability_gated_sfda,50,0.0,82.24,41.12,0.3496617381896862,,,0.6965880799293518,0.45225685021096146,0.6754940497655967,0.6754940497655967,0.67770609448251,0.6306895804405213,0.6277053046226502,,0.0037511766911483796,0.00170032455824012,,0.0022120447169130942,-0.0029842758178710935
va_long_beach,switzerland,conservative_candidate,50,48.0,15.04,7.52,,,,0.6299947953224182,0.1085233274807257,0.9236054421768708,0.9236054421768708,0.9242135642135643,0.5641848564147949,0.5647803580760956,0.000752743474440618,,0.011175530818387897,,0.000608122036693457,0.0005955016613006592
va_long_beach,switzerland,entropy_sfda,50,,,,,,,,,,0.9236054421768708,0.9668748711605855,0.5641848564147949,0.5236571323871613,,,0.011175530818387897,,0.043269428983714685,-0.04052772402763367
va_long_beach,switzerland,pseudo_label_sfda,50,100.0,4.08,,0.041471861471861445,4.08,0.0,0.9143916368484497,,,,,,,,,0.011175530818387897,1.0,,
va_long_beach,switzerland,reliability_gated_sfda,50,48.0,15.04,7.52,0.15278911564625847,,,0.6299947953224182,0.1085233274807257,0.9236054421768708,0.9236054421768708,0.9238095238095237,0.5641848564147949,0.5630206167697906,,0.001091070501133776,0.011175530818387897,,0.00020408163265305923,-0.0011642396450042725
